Id,duration,acousticness,danceability,energy,instrumentalness,key,liveness,loudness,audiomode,speechiness,tempo,timesignature,audiovalence,popularity
1,262333,0.00552,0.496,0.682,2.94E-05,8,0.0589,-4.095,1,0.0294,167.06,4,0.474,73
2,216933,0.0103,0.542,0.853,0,3,0.108,-6.407,0,0.0498,105.256,4,0.37,66
3,231733,0.00817,0.737,0.463,0.447,0,0.255,-7.828,1,0.0792,123.881,4,0.324,76
4,216933,0.0264,0.451,0.97,0.00355,0,0.102,-4.938,1,0.107,122.444,4,0.198,74
5,223826,0.000954,0.447,0.766,0,10,0.113,-5.065,1,0.0313,172.011,4,0.574,56
6,235893,0.00895,0.316,0.945,1.85E-06,4,0.396,-3.169,0,0.124,189.931,4,0.32,80
7,199893,0.000504,0.581,0.887,0.00111,4,0.268,-3.659,0,0.0624,90.578,4,0.724,81
8,213800,0.00148,0.613,0.953,0.000582,2,0.152,-3.435,1,0.0855,105.046,4,0.537,76
9,222586,0.00108,0.33,0.936,0,1,0.0926,-3.66,1,0.0917,148.112,4,0.234,80
10,203346,0.00172,0.542,0.905,0.0104,9,0.136,-5.653,1,0.054,153.398,4,0.374,81
11,168253,0.0424,0.629,0.897,0,2,0.263,-3.401,1,0.0483,161.944,4,0.93,78
12,185586,0.0046,0.496,0.863,0,9,0.639,-4.153,1,0.0381,110.018,4,0.243,63
13,209266,0.00434,0.647,0.964,0.0036,9,0.15,-4.225,0,0.06,126.942,4,0.875,75
14,269000,0.0179,0.618,0.938,0,9,0.167,-3.442,1,0.0456,91.455,4,0.875,81
15,210240,0.000353,0.42,0.929,0.000747,7,0.122,-3.899,0,0.121,127.204,4,0.3,69
16,237026,0.000423,0.278,0.676,0.000899,9,0.136,-8.821,1,0.0371,104.545,4,0.494,77
17,227240,0.00136,0.659,0.778,6.79E-06,11,0.0841,-6.423,1,0.0379,110.022,4,0.623,71
18,256600,0.00701,0.37,0.944,2.90E-06,1,0.135,-4.979,0,0.0767,130.315,4,0.345,62
19,187613,0.0938,0.567,0.795,0,9,0.114,-4.985,0,0.134,170.06,4,0.635,77
20,233933,0.00664,0.545,0.865,1.12E-05,11,0.168,-5.708,0,0.0286,99.01,4,0.543,79
21,231533,0.0014,0.309,0.912,0.000271,4,0.582,-3.881,0,0.0646,183.035,3,0.302,69
22,230760,0.00552,0.276,0.715,0.000417,0,0.201,-5.356,1,0.0432,137.028,4,0.173,79
23,255066,0.0137,0.518,0.538,0.000398,0,0.141,-5.818,1,0.0486,170.953,4,0.687,13
24,195666,0.0171,0.58,0.981,1.07E-05,8,0.386,-2.603,0,0.06,134.007,4,0.861,62
25,304840,0.000202,0.602,0.905,0.064,2,0.117,-4.046,1,0.0775,128.019,4,0.411,77
26,232533,0.872,0.657,0.291,0,2,0.114,-10.572,1,0.0293,103.973,4,0.298,79
27,303920,0.0102,0.44,0.932,0,3,0.142,-4.488,0,0.0584,157.438,4,0.495,28
28,176346,2.64E-05,0.38,0.988,7.86E-05,1,0.368,-2.042,1,0.0639,186.113,4,0.769,78
29,311106,0.000289,0.217,0.905,0.00011,2,0.222,-4.103,1,0.0752,96.95,4,0.236,77
30,213106,0.0156,0.714,0.725,0,4,0.0726,-6.411,1,0.0402,99.988,4,0.59,71
31,262733,0.000194,0.582,0.597,0.000273,5,0.517,-5.671,1,0.0512,167.738,4,0.674,11
32,293960,0.00797,0.614,0.568,0,7,0.0997,-5.477,0,0.0276,107.849,4,0.516,77
33,264706,0.00189,0.509,0.774,0.000549,6,0.143,-4.054,1,0.0338,116.529,4,0.0824,65
34,231480,0.00461,0.498,0.83,0,6,0.139,-5.157,0,0.0421,89.342,4,0.453,75
35,213760,0.00506,0.599,0.932,0,9,0.269,-3.328,1,0.18,96.234,4,0.692,74
36,178266,0.000618,0.574,0.911,0,9,0.0769,-5.176,1,0.0715,98.075,4,0.573,74
37,269373,0.000917,0.433,0.959,0,9,0.028,-4.04,1,0.0431,172.984,4,0.365,11
38,242280,0.00164,0.549,0.93,6.67E-05,5,0.39,-3.468,0,0.0487,112.447,4,0.526,73
39,201960,0.00347,0.656,0.932,0.00147,4,0.144,-3.405,0,0.0708,130.936,4,0.544,74
40,229093,0.00898,0.499,0.824,0,7,0.163,-4.741,1,0.0794,161.977,4,0.699,79
41,193373,0.0223,0.624,0.899,0.000155,0,0.0975,-5.71,1,0.0295,104.055,4,0.797,70
42,282946,0.0417,0.545,0.753,0,3,0.389,-4.618,0,0.036,105.754,4,0.434,60
43,200546,5.53E-05,0.374,0.961,0.0834,10,0.138,-4.421,0,0.0851,167.032,4,0.357,69
44,279213,0.000996,0.695,0.876,6.89E-06,3,0.106,-4.262,0,0.0553,89.954,4,0.941,73
45,212733,0.000631,0.246,0.768,0.301,9,0.102,-7.48,1,0.0387,169.873,4,0.35,62
46,256240,0.00834,0.563,0.86,0.0106,8,0.39,-7.533,1,0.0621,97.867,4,0.517,72
47,194520,0.000153,0.391,0.831,0.00192,2,0.141,-3.892,1,0.0613,139.946,4,0.683,57
48,206586,0.000213,0.309,0.875,0.00168,1,0.113,-4.49,1,0.0488,143.526,4,0.725,71
49,173680,0.00225,0.535,0.948,0,6,0.376,-4.19,0,0.0356,103.183,4,0.778,63
50,215266,0.0132,0.524,0.578,0.00921,9,0.108,-4.563,1,0.12,123.669,4,0.537,64
51,270920,0.00014,0.468,0.769,0.00124,4,0.271,-7.036,1,0.041,104.102,4,0.17,71
52,175026,0.000295,0.592,0.932,7.59E-05,6,0.138,-4.491,0,0.0885,93.675,4,0.698,61
53,246040,4.78E-05,0.213,0.93,0,0,0.126,-4.478,1,0.0671,169.221,4,0.386,67
54,176306,5.10E-05,0.219,0.952,0.0989,2,0.157,-3.621,1,0.176,112.886,1,0.172,63
55,277840,0.000336,0.433,0.854,0.000177,9,0.162,-3.868,1,0.0483,89.4,4,0.368,72
56,238400,0.000671,0.509,0.843,0.000803,1,0.348,-3.318,0,0.0488,140.055,3,0.332,71
57,207213,0.00018,0.546,0.959,0.00144,8,0.0584,-4.664,1,0.082,127.831,4,0.416,70
58,218000,6.94E-06,0.408,0.965,0.000402,2,0.11,-4.232,1,0.05,136.018,4,0.349,65
59,299533,0.000249,0.269,0.853,0.000246,7,0.118,-4.647,0,0.0854,141.581,4,0.179,69
60,247266,3.32E-05,0.365,0.894,0.171,11,0.267,-4.682,0,0.0572,82.305,3,0.31,66
61,210367,0.0143,0.818,0.54,0.000512,6,0.099,-6.35,0,0.0544,97.064,4,0.174,94
62,212500,0.153,0.841,0.798,3.33E-06,1,0.0618,-4.206,0,0.229,95.948,4,0.591,98
63,185282,0.0983,0.83,0.497,0,1,0.0906,-6.94,1,0.052,127.965,4,0.634,59
64,199230,0.0557,0.687,0.766,0.00107,11,0.146,-6.08,1,0.054,94.973,4,0.303,73
65,180000,0.346,0.638,0.717,0,2,0.105,-4.722,1,0.0337,100.027,4,0.249,94
66,179693,0.352,0.746,0.703,0,4,0.331,-4.179,0,0.107,166.043,4,0.667,87
67,235720,0.0348,0.823,0.63,6.72E-06,7,0.0964,-3.932,1,0.0797,100.04,4,0.184,73
68,223583,0.235,0.701,0.512,5.07E-06,0,0.135,-6.869,0,0.0969,91.947,4,0.663,85
69,243487,0.117,0.695,0.884,0,0,0.104,-6.279,1,0.131,74.992,4,0.854,61
70,210865,0.716,0.722,0.584,0.000321,11,0.115,-8.467,0,0.318,169.978,4,0.646,58
71,204664,0.00381,0.8,0.578,0,4,0.359,-5.144,0,0.0485,143.01,4,0.367,92
72,215151,0.266,0.817,0.74,0,11,0.0992,-4.566,0,0.283,130.04,4,0.674,83
73,202373,0.107,0.398,0.66,0,1,0.121,-5.626,0,0.12,83.828,4,0.719,57
74,162733,0.00397,0.812,0.748,0,5,0.174,-5.959,0,0.139,132.035,4,0.158,44
75,157461,0.0526,0.659,0.734,2.48E-06,10,0.242,-4.008,1,0.046,161.971,4,0.346,47
76,170997,0.232,0.705,0.778,0,9,0.244,-4.101,0,0.177,160.099,4,0.709,54
77,188440,0.0255,0.723,0.687,0.000207,11,0.124,-4.632,0,0.2,173.747,4,0.777,47
78,253714,0.0257,0.928,0.402,0,8,0.0804,-7.569,0,0.451,139.998,4,0.62,64
79,272000,0.902,0.465,0.675,0.267,10,0.11,-7.555,1,0.0485,119.941,4,0.129,56
80,174000,0.571,0.632,0.652,0.85,4,0.194,-10.558,1,0.0302,115.031,4,0.594,49
81,209573,0.921,0.471,0.179,0,9,0.101,-10.273,1,0.089,174.273,4,0.194,65
82,202754,0.0857,0.871,0.545,0.000499,0,0.0756,-6.466,0,0.0625,96.035,4,0.415,52
83,178009,0.0646,0.829,0.606,0.391,5,0.281,-7.093,1,0.149,118.051,4,0.732,61
84,169251,0.149,0.837,0.649,7.63E-05,11,0.103,-5.26,0,0.192,164.002,4,0.948,65
85,220826,0.137,0.817,0.635,7.85E-06,5,0.245,-5.719,0,0.138,103.029,4,0.777,77
86,217822,0.172,0.635,0.902,0,0,0.125,-3.559,1,0.109,102.063,4,0.286,95
87,253390,0.099,0.816,0.726,0,5,0.372,-3.998,0,0.129,136.048,4,0.65,95
88,217652,0.267,0.815,0.626,1.31E-05,6,0.275,-5.139,1,0.103,109.989,4,0.571,74
89,199095,0.398,0.751,0.579,2.28E-05,2,0.133,-4.036,1,0.0321,105.031,4,0.349,77
90,185743,0.0749,0.736,0.906,0.000123,4,0.12,-1.49,0,0.0566,93.013,4,0.611,45
91,166253,0.00245,0.695,0.818,3.36E-06,6,0.305,-5.532,0,0.0482,102.976,4,0.599,52
92,234373,0.00323,0.543,0.847,0,9,0.0551,-3.574,1,0.0659,92.046,4,0.65,38
93,193846,0.271,0.841,0.841,2.60E-05,9,0.108,-4.288,1,0.0633,104.01,4,0.823,46
94,208800,0.425,0.777,0.546,0,7,0.0809,-9.504,1,0.207,147.173,4,0.952,44
95,211437,0.102,0.84,0.789,0,1,0.309,-4.695,0,0.0949,92.018,4,0.619,75
96,202853,0.181,0.831,0.713,0,1,0.0572,-3.646,0,0.094,132.109,4,0.69,75
97,198386,0.0797,0.825,0.481,0,2,0.239,-8.6,1,0.0396,121.046,4,0.761,45
98,224413,0.235,0.682,0.751,0,8,0.11,-5.812,0,0.0675,129.937,4,0.708,53
99,218448,0.00694,0.799,0.616,0.00237,5,0.283,-4.599,0,0.0415,127.023,4,0.697,38
100,176702,0.196,0.921,0.965,0.000201,1,0.323,-1.396,1,0.178,120.902,4,0.507,60
101,133120,0.108,0.703,0.617,5.61E-05,7,0.271,-8.732,1,0.0731,123.159,4,0.435,39
102,201526,0.165,0.792,0.895,0,1,0.0501,-3.112,0,0.0589,94.968,4,0.794,88
103,216689,0.0983,0.596,0.557,0,1,0.0565,-7.522,0,0.134,133.247,5,0.661,77
104,226183,0.0705,0.746,0.738,0,9,0.043,-3.67,1,0.207,94.808,4,0.63,68
105,215003,0.0079,0.493,0.825,0,8,0.129,-4.056,1,0.0798,99.866,4,0.621,46
106,175239,0.0429,0.836,0.725,0,7,0.108,-5.445,0,0.0571,126.035,4,0.76,44
107,161093,0.00436,0.701,0.779,0,11,0.121,-4.657,0,0.0647,119.974,4,0.451,37
108,182224,0.149,0.871,0.563,0,10,0.0568,-8.329,0,0.0795,91.998,4,0.62,53
109,215421,0.0507,0.65,0.801,0,7,0.0645,-5.407,0,0.0723,166.16,4,0.74,65
110,196018,0.265,0.784,0.437,6.98E-05,5,0.126,-7.868,1,0.0509,90.003,4,0.47,68
111,204453,0.133,0.494,0.729,0,2,0.143,-4.934,1,0.161,78.833,4,0.421,59
112,229038,0.0199,0.561,0.58,0,5,0.0619,-5.612,1,0.0414,84.98,4,0.294,43
113,191906,0.369,0.483,0.685,0,10,0.0817,-3.232,0,0.174,185.502,4,0.546,53
114,237860,0.0762,0.62,0.823,3.13E-05,5,0.112,-2.436,1,0.0567,175.921,4,0.404,54
115,217288,0.0185,0.704,0.859,0,5,0.0215,-4.877,0,0.0996,105.115,4,0.926,84
116,202574,0.586,0.633,0.765,6.89E-05,1,0.0966,-5.732,1,0.0474,100.934,4,0.489,44
117,167823,0.569,0.853,0.714,0.0101,7,0.0716,-6.177,1,0.0767,92.375,4,0.836,40
118,241135,0.0652,0.8,0.837,4.52E-05,7,0.0699,-4.488,1,0.099,105.026,4,0.813,41
119,194011,0.118,0.743,0.793,6.07E-05,2,0.227,-5.032,0,0.0546,109.921,4,0.434,37
120,236133,0.00249,0.646,0.77,0,2,0.0715,-6.596,0,0.226,99.165,4,0.681,79
121,267266,0.202,0.891,0.714,0.000234,4,0.0521,-6.055,0,0.14,100.972,4,0.818,74
122,241933,0.159,0.745,0.666,0,9,0.302,-5.899,1,0.0566,129.995,4,0.708,10
123,198813,0.0279,0.774,0.847,0.0183,5,0.241,-3.925,0,0.121,143.011,4,0.923,60
124,300026,0.342,0.672,0.832,0.000428,11,0.242,-2.388,0,0.342,117.298,4,0.549,70
125,250373,0.0183,0.894,0.791,0,2,0.0388,-4.699,1,0.112,105.018,4,0.583,79
126,338853,0.071,0.375,0.862,0,11,0.211,-3.363,0,0.255,159.841,4,0.478,76
127,218093,0.284,0.778,0.824,0,10,0.405,-5.892,0,0.0712,100.024,4,0.756,84
128,216666,0.217,0.675,0.885,0,1,0.086,-4.432,0,0.0436,97.03,4,0.768,77
129,239600,0.145,0.733,0.71,0.115,5,0.0956,-5.849,0,0.0292,127.975,4,0.965,84
130,246026,0.132,0.775,0.719,1.79E-06,7,0.0662,-6.212,0,0.0435,117.513,4,0.712,74
131,202533,0.0653,0.421,0.873,0,10,0.123,-4.343,1,0.0565,84.803,4,0.63,73
132,269560,0.922,0.422,0.264,0,8,0.132,-7.064,1,0.0322,119.93,4,0.331,85
133,259933,0.154,0.468,0.64,0,0,0.154,-5.862,1,0.0275,79.297,4,0.499,78
134,231240,0.00882,0.613,0.622,0,1,0.37,-5.794,0,0.0334,80.003,4,0.484,78
135,245960,0.235,0.435,0.92,0.000353,4,0.552,-1.357,0,0.201,188.899,4,0.45,69
136,188960,0.00165,0.662,0.741,0.0303,0,0.114,-5.406,1,0.0334,131,4,0.404,75
137,235213,0.103,0.728,0.974,0.000532,4,0.175,-2.261,0,0.0665,79.526,4,0.965,76
138,199693,0.0746,0.755,0.832,1.27E-06,2,0.291,-2.741,0,0.116,120.032,4,0.735,71
139,223933,0.0439,0.764,0.694,3.67E-06,11,0.18,-5.745,0,0.189,146.075,4,0.581,71
140,242733,0.0584,0.967,0.583,0,7,0.0519,-5.562,0,0.0789,117,4,0.964,77
141,252160,0.143,0.659,0.696,0,3,0.13,-4.291,1,0.071,86.001,4,0.665,69
142,261426,0.173,0.63,0.698,0,10,0.0789,-4.51,1,0.0244,94.023,4,0.529,76
143,237120,0.0142,0.824,0.743,2.12E-05,2,0.237,-5.995,1,0.141,127.046,4,0.804,65
144,200400,0.031,0.61,0.926,0.0012,8,0.0821,-4.843,0,0.0479,172.638,4,0.861,73
145,244506,0.0572,0.585,0.776,7.74E-06,5,0.3,-5.898,1,0.0459,77.987,4,0.427,77
146,256733,0.235,0.656,0.578,0,7,0.118,-8.97,0,0.0922,94.514,4,0.556,80
147,238560,0.578,0.457,0.573,3.05E-06,5,0.114,-3.866,0,0.0275,76.193,4,0.0992,73
148,203306,0.00611,0.701,0.7,0,7,0.0295,-4.934,1,0.0876,122.035,4,0.625,54
149,204160,0.0295,0.581,0.963,0,11,0.139,-4.087,1,0.0981,129.992,4,0.788,75
150,198053,0.00761,0.729,0.771,0,4,0.087,-2.451,1,0.0725,125.011,4,0.873,69
151,253813,0.03,0.649,0.552,6.47E-06,1,0.111,-5.419,0,0.0292,89.969,4,0.158,79
152,204000,6.79E-05,0.487,0.9,0,0,0.358,-4.417,1,0.0482,149.937,4,0.484,67
153,224400,0.073,0.724,0.695,0,11,0.0889,-5.226,1,0.0622,139,4,0.235,76
154,252306,0.192,0.671,0.939,0,8,0.298,-3.206,1,0.161,129.023,4,0.529,75
155,193213,0.0383,0.426,0.584,0,1,0.188,-5.293,1,0.296,193.437,4,0.272,72
156,262466,0.188,0.638,0.656,0,5,0.146,-5.886,1,0.0357,104.036,4,0.225,81
157,242013,0.00727,0.814,0.899,0.219,1,0.0979,-5.958,1,0.0637,119.011,4,0.545,63
158,258826,0.0208,0.583,0.786,0,2,0.188,-3.142,0,0.0301,123.052,4,0.573,77
159,270506,0.142,0.843,0.805,0,4,0.0771,-5.946,0,0.269,94.946,4,0.615,78
160,211920,0.00498,0.711,0.7,0.000125,1,0.215,-4.805,0,0.046,128.001,4,0.801,72
161,254040,0.0533,0.524,0.904,0,8,0.776,-2.071,1,0.398,161.188,4,0.655,62
162,211160,0.3,0.751,0.834,1.77E-05,1,0.355,-5.444,0,0.0437,95.053,4,0.894,77
163,288333,0.575,0.624,0.653,0,8,0.104,-6.582,0,0.176,73.884,4,0.565,77
164,248413,0.0426,0.794,0.811,1.07E-06,6,0.101,-8.966,0,0.038,116.047,4,0.862,77
165,249533,0.0161,0.68,0.687,0,9,0.261,-6.162,0,0.0709,150.053,4,0.467,75
166,203786,0.042,0.944,0.511,0.00107,5,0.0379,-10.96,0,0.161,113.046,4,0.842,78
167,259333,0.00577,0.706,0.801,0,5,0.0822,-6.333,1,0.0399,100.013,4,0.63,77
168,221360,0.407,0.53,0.422,0,5,0.107,-6.262,1,0.0342,119.964,4,0.349,74
169,215160,0.000304,0.535,0.886,2.26E-06,11,0.257,-3.106,1,0.045,126.012,4,0.445,65
170,196160,0.236,0.793,0.832,1.12E-05,1,0.202,-4.862,0,0.0406,107.661,4,0.872,76
171,244826,0.0825,0.655,0.488,1.16E-06,1,0.221,-9.17,1,0.22,91.025,4,0.791,69
172,192426,0.0407,0.636,0.873,1.27E-06,0,0.0372,-4.672,0,0.071,165.071,4,0.908,67
173,223440,0.257,0.662,0.507,0,5,0.0465,-8.238,1,0.118,86.412,4,0.676,77
174,203346,0.00172,0.542,0.905,0.0104,9,0.136,-5.653,1,0.054,153.398,4,0.374,81
175,221920,0.0411,0.555,0.923,0,0,0.112,-5.908,1,0.0482,116.012,4,0.682,52
176,236373,0.0204,0.591,0.699,0,8,0.0614,-5.221,1,0.0449,116.029,4,0.733,60
177,252853,0.0328,0.396,0.629,0,9,0.183,-4.78,1,0.0287,173.794,4,0.358,65
178,216600,0.000738,0.56,0.959,0.000206,7,0.209,-2.433,1,0.102,163.983,4,0.67,69
179,210200,0.263,0.653,0.609,0.00101,11,0.233,-7.519,0,0.037,95.982,3,0.482,76
180,230760,0.00552,0.276,0.715,0.000417,0,0.201,-5.356,1,0.0432,137.028,4,0.173,79
181,262533,0.269,0.64,0.743,0,10,0.101,-4.08,1,0.0379,122.035,4,0.361,83
182,218520,0.255,0.63,0.894,0,10,0.181,-4.592,1,0.0544,142.051,4,0.364,69
183,199946,0.271,0.519,0.749,0,6,0.119,-3.318,0,0.0405,147.905,4,0.29,73
184,298853,0.107,0.64,0.889,0,2,0.339,-3.073,1,0.322,99.931,4,0.436,72
185,224946,0.0251,0.815,0.808,5.37E-06,6,0.12,-4.614,1,0.0511,110.063,4,0.746,31
186,228706,0.603,0.609,0.445,6.77E-06,7,0.104,-9.129,1,0.106,118.393,3,0.166,81
187,209360,0.0392,0.551,0.696,0,2,0.127,-6.192,1,0.0265,112.024,4,0.354,67
188,241853,0.0187,0.338,0.803,0,8,0.136,-5.412,0,0.0413,151.994,4,0.4,76
189,221626,0.388,0.517,0.598,2.22E-06,6,0.183,-3.751,0,0.263,96.933,4,0.922,63
190,219493,0.254,0.583,0.584,0,5,0.123,-5.362,0,0.0314,140.039,4,0.136,75
191,191666,0.00127,0.806,0.902,0,11,0.212,-3.387,0,0.0475,128.943,4,0.961,67
192,175093,0.00666,0.494,0.939,0,1,0.139,-3.127,1,0.126,177.751,4,0.893,73
193,217760,0.00791,0.423,0.862,0,0,0.133,-5.13,0,0.0695,154.746,4,0.462,63
194,234000,0.126,0.871,0.597,0.000115,5,0.0638,-4.932,0,0.0464,125.999,4,0.635,68
195,234173,0.512,0.584,0.7,2.43E-05,6,0.13,-4.251,1,0.0506,163.953,4,0.549,73
196,204853,0.017,0.423,0.922,0,3,0.102,-2.602,1,0.0411,156.063,4,0.567,64
197,206520,0.00166,0.423,0.94,0,1,0.178,-4.012,0,0.0635,149.934,4,0.505,67
198,249626,0.0206,0.647,0.729,0.0489,5,0.134,-6.251,1,0.0236,94.01,4,0.687,78
199,222000,0.327,0.521,0.431,0,0,0.0986,-9.74,1,0.0293,106.546,4,0.181,48
200,251160,0.324,0.65,0.879,0,8,0.376,-3.176,1,0.0328,105.015,4,0.899,68
201,275253,0.439,0.82,0.717,0.00107,8,0.236,-6.191,1,0.0722,104.005,4,0.843,24
202,207466,0.211,0.756,0.8,0.000723,5,0.047,-5.158,1,0.0329,118.921,4,0.967,67
203,216706,0.0838,0.751,0.731,0,6,0.0556,-4.419,0,0.0308,97.007,4,0.973,29
204,215493,0.0893,0.719,0.809,0,1,0.183,-10.201,1,0.0511,100.839,4,0.964,66
205,267000,0.254,0.811,0.88,0.00146,8,0.0475,-2.972,1,0.0628,124.12,4,0.915,63
206,243413,0.0426,0.723,0.777,3.68E-06,7,0.0451,-3.503,1,0.108,91.017,4,0.961,71
207,198786,0.078,0.699,0.917,0,0,0.065,-4.897,1,0.115,130.04,4,0.889,71
208,252933,0.141,0.782,0.874,0.0584,2,0.112,-7.157,1,0.0474,123.179,4,0.859,59
209,232880,0.622,0.585,0.977,0,1,0.328,-3.57,1,0.0615,138.264,4,0.801,66
210,199316,0.833,0.744,0.601,0.0242,10,0.131,-5.241,1,0.0349,143.542,4,0.905,58
211,277600,0.0306,0.566,0.911,0.0247,4,0.0574,-9.458,0,0.0791,193.538,4,0.638,11
212,164120,0.455,0.548,0.688,0,7,0.072,-6.053,1,0.0372,179.842,4,0.813,61
213,218093,0.284,0.778,0.824,0,10,0.405,-5.892,0,0.0712,100.024,4,0.756,84
214,189440,0.0179,0.774,0.687,1.17E-05,11,0.128,-4.818,0,0.0584,104.959,4,0.308,77
215,254720,0.419,0.803,0.56,0,1,0.0608,-6.912,0,0.0398,133.679,4,0.77,74
216,239400,0.135,0.82,0.937,0.000128,5,0.35,-4.81,0,0.0551,130.993,4,0.906,70
217,272546,0.743,0.696,0.728,0.0537,7,0.0835,-6.937,1,0.034,124.092,4,0.963,56
218,228200,0.208,0.659,0.802,0,2,0.123,-4.79,1,0.148,177.936,4,0.863,80
219,203173,0.414,0.671,0.884,0.00015,6,0.0701,-9.267,0,0.0586,119.574,4,0.933,54
220,443480,0.779,0.582,0.61,6.54E-06,11,0.267,-6.641,0,0.103,93.658,4,0.826,60
221,192600,0.332,0.857,0.801,1.20E-06,0,0.0789,-6.499,1,0.0618,96.009,4,0.753,77
222,162213,0.337,0.816,0.416,0.791,5,0.0452,-17.795,0,0.244,90.148,4,0.817,52
223,212893,0.00487,0.542,0.714,0.298,2,0.334,-8.045,1,0.028,124.26,4,0.76,51
224,249506,0.422,0.927,0.721,4.36E-05,8,0.0422,-12.561,1,0.0908,103.018,4,0.965,62
225,172733,0.0699,0.348,0.751,0.000738,0,0.208,-12.823,1,0.0494,156.509,4,0.886,57
226,319560,0.318,0.522,0.526,0,2,0.116,-6.361,1,0.0259,90.02,4,0.43,4
227,262160,0.0485,0.779,0.631,0.00316,2,0.0349,-5.314,1,0.115,97.927,4,0.663,56
228,212000,0.0854,0.748,0.835,1.97E-06,7,0.0365,-5.731,1,0.0351,142.942,4,0.896,65
229,343413,0.199,0.648,0.846,4.23E-06,0,0.0803,-6.731,1,0.0424,160.075,4,0.815,74
230,238680,0.0151,0.815,0.757,5.26E-05,2,0.187,-5.351,1,0.165,127.052,4,0.811,7
231,243160,0.00411,0.425,0.954,0,1,0.0555,-3.756,0,0.0476,178.043,4,0.933,73
232,378373,0.112,0.559,0.73,0.00267,10,0.263,-8.461,0,0.0639,106.806,4,0.778,43
233,351400,0.652,0.555,0.331,1.16E-05,9,0.235,-17.718,0,0.27,170.603,3,0.437,58
234,408440,0.445,0.301,0.335,0.00181,0,0.751,-8.564,1,0.0303,176.591,4,0.386,59
235,181960,0.701,0.707,0.408,0,5,0.105,-12.776,0,0.0366,126.399,4,0.843,7
236,159466,0.491,0.66,0.504,2.65E-05,0,0.15,-13.087,0,0.0496,88.953,4,0.914,52
237,622520,0.422,0.489,0.679,6.92E-06,7,0.13,-4.899,0,0.0326,95.813,4,0.658,58
238,257213,0.83,0.507,0.423,0.00916,2,0.0973,-14.187,0,0.0332,82.809,4,0.701,7
239,208866,0.259,0.613,0.489,0,11,0.0696,-13.509,0,0.0503,145.278,4,0.898,41
240,325506,0.888,0.66,0.124,0.000764,5,0.111,-19.2,0,0.0496,129.919,4,0.362,50
241,263306,0.0102,0.543,0.903,0.00585,11,0.0862,-6.658,0,0.039,162.241,4,0.962,63
242,301426,0.59,0.691,0.805,0,2,0.0975,-6.81,0,0.0947,142.503,3,0.866,68
243,183546,0.565,0.576,0.698,0,0,0.386,-5.181,1,0.0321,98.855,4,0.708,50
244,205226,0.599,0.545,0.59,0,9,0.0916,-7.257,0,0.0813,100.835,3,0.583,60
245,278040,0.811,0.649,0.144,2.42E-06,0,0.089,-16.809,1,0.0522,119.193,4,0.264,52
246,193800,0.908,0.57,0.301,0.574,7,0.123,-13.846,1,0.0518,118.337,4,0.431,42
247,195533,0.853,0.39,0.263,0,2,0.219,-6.851,1,0.0394,80.332,1,0.446,50
248,128386,0.386,0.337,0.55,0,9,0.298,-5.814,1,0.0502,183.117,4,0.851,40
249,182226,0.548,0.514,0.83,0,2,0.321,-8.666,1,0.0391,148.806,4,0.964,57
250,240800,0.00255,0.438,0.805,5.69E-05,8,0.0842,-6.237,1,0.0624,113.253,4,0.564,78
251,198706,0.328,0.397,0.785,0.00495,2,0.0621,-9.168,0,0.0545,96.333,4,0.646,69
252,222746,0.00038,0.735,0.82,0.0572,2,0.0983,-8.554,1,0.0494,135.586,4,0.859,48
253,133200,0.029,0.597,0.554,0,11,0.0766,-14.144,0,0.0425,117.835,4,0.963,63
254,333893,0.0484,0.412,0.902,0.131,9,0.405,-11.6,1,0.405,89.74,4,0.422,77
255,425653,0.0112,0.386,0.607,1.38E-05,10,0.088,-7.7,1,0.0261,147.207,4,0.532,77
256,303200,0.23,0.547,0.58,0.00877,2,0.0569,-13.415,0,0.0293,109.827,4,0.505,71
257,134253,0.493,0.573,0.939,0,8,0.0994,-6.441,1,0.0808,137.382,4,0.963,71
258,149373,0.661,0.55,0.854,0,3,0.112,-5.968,1,0.036,159.231,4,0.965,70
259,178933,0.715,0.619,0.603,0,9,0.0721,-9.481,1,0.0342,127.432,4,0.958,71
260,163466,0.00102,0.51,0.893,5.85E-05,9,0.201,-9.267,1,0.0342,142.657,4,0.934,61
261,153693,0.406,0.653,0.519,0.0209,2,0.101,-10.164,1,0.0497,98.883,4,0.822,75
262,140773,0.201,0.64,0.663,0.00806,0,0.152,-7.516,1,0.0374,132.77,4,0.663,81
263,212893,0.273,0.439,0.737,0.28,2,0.228,-12.054,1,0.115,145.942,4,0.533,67
264,271280,0.000385,0.295,0.584,0.218,9,0.0996,-6.696,0,0.0345,117.2,3,0.228,70
265,165381,0.102,0.623,0.709,0,1,0.0967,-9.818,0,0.0636,122.394,4,0.948,68
266,193493,0.255,0.735,0.52,0,11,0.106,-6.18,1,0.0371,118.441,4,0.688,61
267,208666,0.255,0.412,0.59,0.0325,11,0.177,-12.277,1,0.0701,85.824,4,0.653,56
268,238266,0.22,0.704,0.528,0.35,5,0.14,-13.382,1,0.0358,117.472,4,0.73,59
269,170813,0.00876,0.533,0.905,0.578,2,0.0698,-5.27,1,0.0754,108.9,4,0.486,71
270,162373,0.352,0.552,0.616,0,1,0.0501,-9.785,0,0.0346,112.442,4,0.667,73
271,369600,0.729,0.483,0.721,0,0,0.189,-6.836,1,0.032,95.261,4,0.562,72
272,444053,0.469,0.451,0.364,0,9,0.197,-13.126,1,0.0436,154.206,4,0.298,64
273,229360,0.135,0.452,0.818,2.72E-05,2,0.052,-8.124,1,0.0439,124.474,4,0.755,65
274,173946,0.27,0.491,0.801,0,4,0.0665,-9.835,1,0.0361,160.109,4,0.971,68
275,429760,0.369,0.413,0.725,2.16E-05,3,0.0905,-5.787,0,0.0324,124.618,4,0.44,71
276,180943,0.0192,0.537,0.716,0,2,0.245,-8.766,1,0.038,122.873,4,0.452,69
277,184880,0.165,0.436,0.375,0,6,0.294,-13.856,1,0.0284,107.386,4,0.49,54
278,176333,0.767,0.816,0.514,0.949,10,0.0899,-8.741,1,0.0339,136.837,4,0.912,66
279,201800,0.505,0.556,0.161,4.36E-05,11,0.28,-13.944,1,0.0297,126.534,4,0.588,58
280,150906,0.00206,0.252,0.507,0.00057,2,0.325,-13.337,1,0.0442,196.494,4,0.816,52
281,153760,0.202,0.533,0.638,0,4,0.0729,-7.13,1,0.0341,156.663,4,0.937,60
282,250000,0.475,0.684,0.481,6.57E-05,2,0.118,-12.59,1,0.0384,115.078,4,0.784,72
283,120173,0.714,0.599,0.704,0,8,0.521,-8.566,0,0.243,173.043,4,0.95,13
284,187213,0.13,0.699,0.641,0.000218,2,0.0601,-7.564,1,0.0289,120.745,4,0.728,30
285,386373,0.044,0.271,0.553,0.0096,2,0.0999,-9.526,1,0.0472,86.762,3,0.433,63
286,226906,0.462,0.456,0.514,0.00037,7,0.268,-9.733,0,0.053,138.377,4,0.657,37
287,145746,0.386,0.49,0.715,0,7,0.311,-5.549,1,0.0476,130.726,4,0.866,74
288,171600,0.451,0.364,0.607,0,2,0.251,-9.791,1,0.125,79.987,4,0.598,64
289,142480,0.498,0.551,0.954,0,7,0.0884,-2.844,1,0.0814,136.862,4,0.685,38
290,214880,0.792,0.36,0.757,0.0125,3,0.147,-6.832,1,0.0405,83.865,4,0.341,51
291,160306,0.0592,0.423,0.681,0.000177,10,0.0889,-9.756,1,0.0397,110.461,4,0.559,63
292,219466,0.047,0.6,0.897,0.727,3,0.0672,-7.275,1,0.0477,137.375,4,0.676,21
293,198773,0.0751,0.507,0.847,0.237,1,0.372,-5.987,0,0.0411,98.096,4,0.566,62
294,174840,0.408,0.504,0.578,0,4,0.321,-9.302,1,0.031,132.411,4,0.654,69
295,290933,0.0252,0.528,0.514,0.0894,2,0.0725,-11.909,1,0.133,122.872,4,0.44,53
296,147893,0.229,0.494,0.666,5.69E-05,9,0.0469,-9.743,0,0.0351,140.832,4,0.699,63
297,125826,0.218,0.552,0.742,0,0,0.339,-7.963,1,0.0454,138.591,4,0.751,66
298,204480,0.0103,0.505,0.836,0.0771,5,0.295,-7.384,0,0.101,159.669,4,0.764,67
299,219026,0.326,0.396,0.473,0.000124,10,0.109,-7.67,0,0.0345,133.449,4,0.385,70
300,185523,0.000242,0.346,0.75,0.0119,11,0.271,-6.619,1,0.103,165.036,4,0.667,55
301,125666,0.879,0.332,0.179,0,5,0.0886,-11.83,1,0.0326,96.529,4,0.315,74
302,269106,0.465,0.195,0.483,0.497,4,0.0686,-4.991,0,0.03,84.71,4,0.173,66
303,318813,0.0748,0.299,0.443,0.000138,0,0.177,-12.621,1,0.0346,139.539,4,0.434,72
304,271573,0.142,0.64,0.651,0.28,4,0.0341,-14.981,0,0.0517,111.676,4,0.801,68
305,131360,0.0546,0.565,0.953,2.95E-05,9,0.0637,-6.504,1,0.0393,124.287,4,0.887,58
306,278626,0.225,0.63,0.519,4.30E-06,9,0.0974,-10.997,1,0.0528,143.942,4,0.502,55
307,162533,0.778,0.523,0.402,0,0,0.432,-8.233,1,0.0305,70.863,4,0.675,71
308,141600,0.0543,0.641,0.774,1.05E-05,2,0.0473,-5.916,1,0.0278,89.787,4,0.942,71
309,166466,0.758,0.35,0.293,8.21E-06,2,0.104,-9.502,1,0.0258,96.685,4,0.162,59
310,205293,0.0734,0.407,0.834,0.00021,6,0.241,-9.224,1,0.208,121.38,4,0.71,67
311,170760,0.8,0.558,0.686,0,7,0.815,-4.495,1,0.0289,132.075,4,0.886,54
312,138360,0.105,0.593,0.804,2.22E-06,7,0.047,-5.497,1,0.0319,148.959,4,0.962,57
313,192053,0.887,0.389,0.396,0,7,0.0828,-7.999,1,0.0332,171.86,3,0.585,70
314,179386,0.381,0.562,0.768,0.03,7,0.168,-6.613,1,0.0606,119.544,4,0.966,57
315,710826,0.285,0.351,0.228,0.00116,0,0.123,-17.271,1,0.0307,104.551,4,0.0329,49
316,140920,0.26,0.377,0.916,0,4,0.074,-3.199,0,0.0481,75.533,4,0.912,67
317,254133,0.0746,0.403,0.709,0.494,9,0.132,-9.366,1,0.0885,97.161,4,0.654,64
318,183306,0.182,0.491,0.583,0,7,0.407,-10.964,1,0.0376,150.572,4,0.907,80
319,270773,0.447,0.634,0.63,0.039,1,0.17,-8.277,0,0.031,118.628,4,0.489,75
320,190253,0.405,0.425,0.903,0.0128,1,0.117,-4.801,1,0.0732,108.748,4,0.769,63
321,163026,0.595,0.469,0.647,1.65E-06,8,0.339,-13.913,1,0.0315,147.878,4,0.942,47
322,150640,0.486,0.551,0.293,0.000273,2,0.0864,-12.503,1,0.0272,106.798,4,0.322,70
323,154120,0.0356,0.704,0.773,0.00498,9,0.082,-9.621,1,0.0279,141.655,4,0.972,60
324,134386,0.36,0.39,0.625,0,9,0.0663,-7.813,0,0.0537,144.338,4,0.514,66
325,149466,0.513,0.456,0.47,3.76E-05,2,0.444,-9.564,1,0.0294,120.336,4,0.639,61
326,164106,0.365,0.705,0.515,0,4,0.389,-9.343,1,0.0337,112.035,4,0.803,67
327,252040,0.0176,0.585,0.676,0.732,5,0.129,-11.267,1,0.0471,109.309,4,0.474,38
328,149733,0.387,0.338,0.668,1.59E-05,2,0.111,-8.641,1,0.0421,127.097,5,0.561,53
329,194733,0.0154,0.57,0.754,0.0133,0,0.184,-9.948,1,0.031,127.957,4,0.708,58
330,165426,0.914,0.38,0.0993,2.32E-05,2,0.0605,-20.567,1,0.0509,174.874,4,0.44,68
331,134133,0.184,0.341,0.416,6.28E-05,11,0.0917,-9.574,1,0.0265,102.886,3,0.499,50
332,176160,0.038,0.55,0.929,0,9,0.135,-5.765,1,0.0815,129.011,4,0.643,14
333,156106,0.528,0.646,0.813,0.00786,9,0.178,-6.733,1,0.0434,129.378,4,0.711,52
334,172746,0.395,0.601,0.596,2.34E-06,9,0.451,-8.029,1,0.0734,128.168,4,0.503,49
335,158250,0.721,0.421,0.664,0.00244,11,0.0851,-10.657,0,0.0665,201.583,4,0.574,54
336,235826,0.265,0.421,0.58,0.0136,7,0.0973,-7.011,1,0.0285,129.959,4,0.403,52
337,174573,0.211,0.438,0.754,0,2,0.124,-7.035,1,0.0381,123.744,4,0.435,33
338,197274,0.664,0.318,0.303,0.000223,11,0.113,-15.572,0,0.0302,174.254,4,0.226,58
339,189848,0.000288,0.355,0.761,0.0141,11,0.189,-6.309,1,0.0978,165.209,4,0.685,8
340,482278,0.101,0.555,0.694,0,9,0.123,-8.453,0,0.0426,127.423,4,0.602,43
341,178266,0.354,0.341,0.714,0,2,0.31,-7.998,0,0.0404,147.604,4,0.412,49
342,177426,0.0586,0.68,0.507,6.49E-06,7,0.0754,-5.929,1,0.0336,123.47,4,0.854,30
343,160400,0.727,0.506,0.948,0,10,0.0904,-5.626,1,0.105,130.195,4,0.934,55
344,181760,0.0565,0.329,0.806,0.21,1,0.355,-11.925,1,0.0596,142.625,4,0.619,40
345,213706,0.441,0.65,0.798,0.000706,9,0.137,-8.126,0,0.0541,110.646,4,0.464,42
346,188560,0.0229,0.527,0.871,0.155,4,0.419,-8.708,1,0.0354,120.722,4,0.107,62
347,279520,0.025,0.682,0.621,0.852,7,0.153,-9.653,1,0.0451,125.91,4,0.861,16
348,214640,0.21,0.364,0.768,0.136,9,0.503,-10.492,1,0.0757,130.602,4,0.37,56
349,166092,0.111,0.46,0.955,0.54,11,0.952,-6.684,1,0.0487,160.073,4,0.726,42
350,334106,0.468,0.615,0.129,0,6,0.114,-14.892,1,0.0286,91.769,4,0.249,69
351,256000,0.219,0.63,0.449,0,5,0.0622,-13.243,1,0.0252,84.378,4,0.623,73
352,199493,0.883,0.414,0.161,0.000223,7,0.117,-22.32,0,0.0318,159.375,4,0.423,77
353,258834,0.782,0.619,0.22,1.19E-05,0,0.124,-13.843,1,0.0667,75.16,4,0.423,69
354,391376,0.00574,0.579,0.508,0.000494,2,0.0575,-9.484,1,0.027,147.125,4,0.609,83
355,296800,0.313,0.711,0.292,0,4,0.131,-15.523,0,0.037,103.951,4,0.194,79
356,258411,0.157,0.659,0.678,6.69E-06,0,0.0784,-8.18,1,0.0313,106.186,4,0.647,74
357,206266,0.367,0.475,0.322,0.00056,7,0.11,-10.687,1,0.0283,93.503,4,0.387,76
358,214080,0.579,0.601,0.574,1.14E-05,2,0.216,-8.166,1,0.03,147.964,4,0.8,64
359,268706,0.681,0.695,0.282,0.0267,9,0.0767,-15.359,1,0.0295,91.681,4,0.445,53
360,233560,0.578,0.684,0.248,0,0,0.0643,-10.505,1,0.0435,116.002,4,0.621,71
361,155453,0.841,0.575,0.188,4.37E-05,9,0.228,-18.758,1,0.0959,77.464,4,0.334,54
362,155880,0.589,0.62,0.446,0.0299,1,0.0727,-14.451,0,0.0347,88.591,4,0.868,72
363,187013,0.189,0.541,0.459,0.0274,4,0.099,-10.433,0,0.0297,171.165,4,0.803,70
364,216573,0.762,0.609,0.368,6.28E-06,10,0.335,-13.338,1,0.0294,90.373,4,0.618,13
365,281613,0.386,0.602,0.522,1.44E-05,10,0.0941,-9.031,1,0.0285,136.637,4,0.36,80
366,336453,0.551,0.446,0.239,4.10E-06,0,0.0697,-13.945,1,0.0316,189.507,4,0.298,77
367,286880,0.743,0.664,0.553,0.00978,9,0.0838,-7.723,1,0.0264,112.52,4,0.287,65
368,277160,0.715,0.28,0.344,0.00642,0,0.133,-12.577,1,0.0293,171.143,3,0.232,64
369,281226,0.0794,0.538,0.704,0,1,0.0867,-8.904,0,0.0332,120.963,4,0.583,78
370,252239,0.686,0.654,0.506,0.0155,11,0.155,-17.18,0,0.0535,123.179,4,0.831,77
371,161533,0.566,0.674,0.537,0,1,0.131,-10.971,0,0.0363,110.578,4,0.809,76
372,243026,0.631,0.443,0.403,0,0,0.111,-8.339,1,0.0322,143.462,4,0.41,78
373,350266,0.559,0.605,0.574,0.113,2,0.0684,-10.536,1,0.0377,129.449,4,0.543,34
374,164813,0.237,0.626,0.816,1.80E-06,9,0.104,-10.593,1,0.13,105.33,4,0.798,71
375,200146,0.763,0.784,0.459,1.28E-06,0,0.0684,-10.446,1,0.0304,106.957,4,0.931,62
376,271333,0.302,0.453,0.464,5.96E-05,2,0.152,-10.96,1,0.0431,93.19,4,0.658,69
377,229560,0.68,0.603,0.252,6.96E-05,2,0.147,-12.402,1,0.0337,122.631,4,0.179,60
378,123173,0.851,0.456,0.26,0.166,3,0.142,-15.435,1,0.0548,82.321,4,0.491,64
379,170759,0.621,0.661,0.518,1.78E-05,6,0.0953,-10.061,0,0.0319,127.266,4,0.776,59
380,212160,0.943,0.503,0.265,0.045,2,0.0867,-15.913,1,0.0333,78.044,4,0.522,55
381,227705,0.856,0.502,0.4,0.000375,7,0.333,-13.697,0,0.0294,127.182,4,0.435,67
382,176533,0.877,0.713,0.258,0.00606,9,0.0967,-14.59,1,0.0384,98.805,4,0.56,71
383,228133,0.361,0.257,0.412,8.68E-05,1,0.0702,-11.788,1,0.0287,152.126,4,0.858,66
384,200160,0.354,0.483,0.503,0.000284,0,0.116,-9.396,1,0.0341,151.862,4,0.598,75
385,230226,0.905,0.464,0.328,0,4,0.135,-9.005,1,0.0407,70.859,3,0.784,62
386,261546,0.405,0.872,0.316,0.0126,0,0.0849,-14.415,1,0.0436,119.528,4,0.57,49
387,341626,0.414,0.421,0.661,1.16E-06,9,0.0962,-13.126,1,0.0433,100.965,4,0.554,63
388,187866,0.907,0.547,0.257,0.183,0,0.0935,-12.358,1,0.0252,75.752,4,0.169,77
389,229826,0.387,0.471,0.494,0.0944,7,0.617,-10.407,1,0.0312,79.255,4,0.373,65
390,129106,0.589,0.712,0.167,0,1,0.157,-22.047,0,0.891,96.637,4,0.376,46
391,260893,0.233,0.575,0.432,0.00135,10,0.0743,-13.642,0,0.0314,132.145,4,0.348,58
392,233240,0.597,0.573,0.429,8.18E-05,2,0.0839,-8.68,1,0.0294,139.097,4,0.361,62
393,235986,0.639,0.442,0.384,7.70E-05,10,0.0539,-14.635,1,0.0414,123.281,4,0.216,71
394,207866,0.918,0.667,0.266,0.284,9,0.136,-16.339,0,0.0362,138.178,4,0.349,45
395,269066,0.366,0.481,0.392,0.0452,1,0.124,-11.381,1,0.0312,124.572,4,0.52,66
396,201334,0.119,0.837,0.496,0.357,7,0.115,-11.821,1,0.0402,125.017,4,0.964,63
397,237106,0.576,0.803,0.488,0.0609,1,0.0763,-9.303,1,0.0803,95.771,4,0.624,65
398,229066,0.953,0.624,0.158,0.00135,9,0.112,-13.059,1,0.0289,85.492,3,0.303,62
399,174826,0.357,0.755,0.876,5.17E-06,0,0.22,-8.867,1,0.0362,102.762,4,0.954,68
400,179760,0.896,0.593,0.205,5.46E-05,9,0.119,-14.601,1,0.0479,140.279,4,0.377,67
401,272160,0.35,0.593,0.468,3.52E-05,7,0.0919,-11.165,1,0.0285,75.798,4,0.597,50
402,310773,0.948,0.474,0.0404,0.000263,9,0.111,-22.208,0,0.0387,119.415,3,0.18,58
403,226866,0.494,0.508,0.56,0.00611,9,0.106,-8.244,1,0.0304,122.514,4,0.386,59
404,211666,0.29,0.632,0.556,0.0215,9,0.0779,-10.138,1,0.0288,104.996,4,0.633,63
405,309760,0.614,0.749,0.246,0.000138,0,0.0967,-12.847,1,0.0383,132.153,4,0.308,50
406,262600,0.378,0.678,0.622,0.000953,11,0.363,-8.875,1,0.0301,102.229,1,0.471,21
407,213026,0.78,0.476,0.318,2.00E-06,10,0.104,-10.953,1,0.0304,126.495,4,0.311,48
408,203333,0.55,0.41,0.598,0.00274,2,0.092,-8.515,1,0.0405,76.445,4,0.262,53
409,229240,0.368,0.583,0.602,0,11,0.22,-6.364,1,0.0274,74.008,4,0.388,72
410,250333,0.345,0.6,0.363,0.000333,7,0.25,-15.469,1,0.037,125.761,4,0.75,44
411,159640,0.83,0.387,0.194,0.00145,1,0.131,-10.829,1,0.031,121.7,4,0.0862,53
412,239399,0.739,0.732,0.161,0.000379,11,0.105,-12.817,1,0.0306,95.21,4,0.5,63
413,354320,0.288,0.392,0.402,0,0,0.243,-9.961,0,0.0536,143.883,4,0.228,59
414,482830,0.58,0.338,0.34,0.0032,9,0.116,-12.049,0,0.0339,82.433,4,0.197,80
415,391376,0.00574,0.579,0.508,0.000494,2,0.0575,-9.484,1,0.027,147.125,4,0.609,83
416,200480,0.123,0.651,0.801,0,0,0.0825,-7.34,1,0.0513,133.763,4,0.776,71
417,434720,0.25,0.549,0.722,0.0138,11,0.11,-11.729,0,0.0283,103.885,4,0.716,74
418,168826,0.0551,0.657,0.932,0,1,0.047,-5.819,1,0.0992,144.751,4,0.888,74
419,381626,0.299,0.653,0.631,0.00265,9,0.0627,-11.334,1,0.0461,156.32,4,0.516,63
420,217746,0.505,0.547,0.308,0,0,0.109,-11.75,1,0.0377,114.719,4,0.41,65
421,147493,0.0424,0.598,0.797,0.000407,7,0.0717,-6.793,1,0.0332,123.566,4,0.622,66
422,271333,0.302,0.453,0.464,5.96E-05,2,0.152,-10.96,1,0.0431,93.19,4,0.658,69
423,341773,0.669,0.371,0.404,0.00453,7,0.0805,-6.452,1,0.0255,74.386,4,0.153,68
424,187866,0.907,0.547,0.257,0.183,0,0.0935,-12.358,1,0.0252,75.752,4,0.169,77
425,243026,0.631,0.443,0.403,0,0,0.111,-8.339,1,0.0322,143.462,4,0.41,78
426,266960,0.388,0.307,0.433,9.08E-05,1,0.332,-10.057,1,0.029,160.9,4,0.224,79
427,191946,0.026,0.608,0.746,2.39E-06,0,0.043,-8.851,1,0.354,134.03,4,0.745,68
428,208400,0.0591,0.573,0.913,0.00173,6,0.156,-4.793,0,0.132,115.715,4,0.422,83
429,267000,0.157,0.729,0.818,0.285,2,0.195,-9.992,1,0.0732,125.811,4,0.907,62
430,342173,0.0983,0.632,0.586,0.581,0,0.0535,-11.333,1,0.0284,114.243,4,0.89,63
431,196466,0.676,0.489,0.349,0.0789,2,0.0866,-14.295,0,0.0323,124.348,4,0.622,64
432,290280,0.0338,0.582,0.81,1.68E-05,1,0.202,-7.024,0,0.0396,151.006,4,0.875,67
433,547106,0.0765,0.252,0.844,0.00018,0,0.084,-8.121,1,0.0572,118.158,4,0.351,71
434,221640,0.0607,0.699,0.502,0.0337,9,0.317,-12.526,1,0.0278,105.266,4,0.676,69
435,241040,0.582,0.474,0.917,0.231,9,0.201,-4.19,1,0.0395,152.113,4,0.902,67
436,295386,0.396,0.437,0.864,0.0314,4,0.242,-7.842,0,0.0904,81.394,4,0.749,72
437,134466,0.000269,0.385,0.783,0.47,9,0.108,-2.533,1,0.233,176.701,4,0.902,70
438,191226,0.78,0.806,0.462,0.0134,2,0.15,-12.778,1,0.0298,92.726,4,0.736,66
439,313466,0.0889,0.321,0.627,0.00878,8,0.0699,-9.509,0,0.0542,132.855,4,0.141,52
440,428133,0.291,0.456,0.696,0.000207,5,0.0853,-10,1,0.0653,142.156,4,0.508,63
441,214733,0.448,0.55,0.824,0.000127,2,0.366,-5.988,1,0.0334,114.512,4,0.777,72
442,226666,0.0726,0.322,0.265,0.34,2,0.366,-13.398,1,0.0302,133.577,4,0.207,67
443,382296,0.15,0.472,0.366,0.308,11,0.0837,-12.595,0,0.0286,127.167,4,0.171,75
444,269920,0.00501,0.27,0.944,2.05E-05,4,0.116,-4.199,1,0.0975,146.347,4,0.606,71
445,423840,0.584,0.394,0.918,0.332,1,0.309,-3.743,1,0.0709,115.646,4,0.479,74
446,225626,0.0152,0.619,0.579,6.40E-05,4,0.0858,-9.307,1,0.0473,127.224,4,0.69,69
447,211973,0.0422,0.323,0.978,0.00019,5,0.201,-3.841,1,0.118,134.222,4,0.168,54
448,515866,0.6,0.527,0.509,0,7,0.144,-10.893,1,0.0628,138.317,4,0.497,74
449,396186,0.0667,0.48,0.47,0.0171,7,0.067,-11.919,0,0.044,122.569,4,0.701,64
450,511293,0.233,0.685,0.806,0.728,2,0.105,-12.151,1,0.0497,134.889,4,0.31,47
451,355303,0.00349,0.336,0.792,0.00178,9,0.0437,-10.875,1,0.0848,155.588,4,0.425,67
452,266720,0.234,0.445,0.706,0.000252,8,0.205,-9.803,1,0.0461,80.823,4,0.768,74
453,220400,0.0114,0.653,0.73,1.03E-05,5,0.0754,-10.613,1,0.043,108.705,4,0.894,71
454,345680,0.717,0.62,0.559,0.433,2,0.133,-10.568,1,0.0369,129.401,4,0.527,53
455,264503,0.394,0.424,0.446,3.78E-06,5,0.16,-9.618,1,0.0525,165.158,4,0.794,75
456,122066,0.688,0.692,0.488,0,11,0.4,-7.282,0,0.104,81.4,4,0.51,71
457,254173,0.683,0.575,0.318,0.000202,0,0.0934,-16.729,1,0.109,104.522,4,0.385,74
458,228666,0.215,0.641,0.927,0.00029,0,0.045,-3.532,1,0.0351,128.606,4,0.966,69
459,307493,0.146,0.55,0.726,0.00608,2,0.428,-8.51,1,0.0516,92.697,4,0.37,65
460,308120,0.0029,0.333,0.927,0.000211,9,0.297,-8.55,0,0.0733,141.47,4,0.382,76
461,187013,0.212,0.542,0.444,0.0519,4,0.102,-11.567,0,0.0295,171.719,4,0.827,60
462,298093,0.006,0.531,0.948,0.0117,9,0.694,-5.438,1,0.0568,136.891,4,0.498,68
463,350400,0.0632,0.73,0.868,0.0661,5,0.318,-7.325,1,0.0288,148.217,4,0.923,68
464,281613,0.386,0.602,0.522,1.44E-05,10,0.0941,-9.031,1,0.0285,136.637,4,0.36,80
465,257800,0.0644,0.828,0.492,0.00428,0,0.128,-9.744,1,0.0276,120.151,4,0.789,80
466,179200,0.389,0.467,0.486,0,10,0.121,-6.645,1,0.0274,95.205,3,0.184,67
467,232466,0.000199,0.479,0.512,0.0164,11,0.123,-12.462,0,0.0382,118.953,4,0.795,53
468,192145,0.937,0.617,0.0457,0.641,0,0.0991,-26.401,1,0.0344,99.48,4,0.0967,63
469,510573,0.0682,0.41,0.761,0.0077,4,0.0758,-9.453,0,0.0687,132.889,4,0.391,64
470,288160,0.488,0.309,0.831,0.00304,1,0.286,-8.288,1,0.036,181.145,4,0.934,70
471,200579,0.499,0.611,0.35,7.84E-06,5,0.0844,-14.48,1,0.0356,76.064,4,0.36,72
472,281226,0.0794,0.538,0.704,0,1,0.0867,-8.904,0,0.0332,120.963,4,0.583,78
473,300000,0.287,0.494,0.722,0.186,5,0.283,-8.373,1,0.0347,117.312,4,0.156,75
474,275733,0.015,0.694,0.577,0.00836,4,0.0853,-14.63,1,0.0308,114.478,4,0.845,68
475,295400,0.0589,0.586,0.7,0.00125,0,0.0318,-9.558,1,0.0363,147.245,4,0.897,74
476,322548,0.238,0.668,0.678,6.29E-06,0,0.527,-8.015,1,0.0496,132.584,4,0.778,73
477,210826,0.154,0.642,0.641,1.23E-06,2,0.0475,-12.444,1,0.049,120.316,4,0.85,57
478,341626,0.414,0.421,0.661,1.16E-06,9,0.0962,-13.126,1,0.0433,100.965,4,0.554,63
479,214960,0.148,0.472,0.9,0.000297,8,0.34,-6.406,0,0.0582,95.826,4,0.42,69
480,1233666,0.0787,0.345,0.795,0.00165,2,0.18,-7.44,1,0.108,134.141,4,0.189,53
481,211066,0.208,0.429,0.668,0,4,0.538,-7.539,0,0.044,77.737,4,0.398,65
482,334000,0.00966,0.786,0.481,0,2,0.0954,-11.236,1,0.114,119.854,4,0.785,52
483,390146,0.201,0.225,0.889,0.734,7,0.379,-4.371,1,0.0337,96.02,4,0.599,54
484,261933,0.015,0.547,0.691,0.105,4,0.144,-13.553,0,0.0369,137.148,4,0.667,72
485,246573,0.0821,0.644,0.799,0.00154,4,0.055,-10.856,0,0.0598,108.382,4,0.889,59
486,237893,0.018,0.465,0.865,0.00135,11,0.0769,-9.573,0,0.098,117.528,4,0.677,68
487,265173,0.387,0.787,0.877,0.00065,1,0.0387,-3.822,0,0.032,100.61,4,0.837,73
488,313026,0.0832,0.479,0.601,0.00142,7,0.11,-8.806,1,0.0318,124.966,4,0.669,70
489,163893,0.398,0.625,0.35,6.76E-05,9,0.123,-8.395,0,0.0436,113.688,4,0.69,66
490,323000,0.00316,0.483,0.786,8.86E-05,7,0.446,-5.735,1,0.0319,126.748,4,0.793,75
491,219400,0.0049,0.549,0.916,0.123,4,0.104,-4.185,0,0.034,127.131,4,0.632,63
492,293120,0.822,0.149,0.206,0.000649,3,0.115,-13.888,1,0.0323,79.764,4,0.264,69
493,300800,0.294,0.641,0.397,0.000717,7,0.0496,-12.285,1,0.0454,81.962,4,0.57,58
494,254400,0.132,0.662,0.763,0.0013,0,0.067,-7.475,1,0.0397,126.333,4,0.699,55
495,288400,0.148,0.617,0.461,0.0151,5,0.12,-14.485,0,0.0434,93.853,4,0.828,56
496,195306,0.319,0.623,0.91,0.000448,9,0.081,-8.448,1,0.0384,145.624,4,0.745,67
497,467640,0.00975,0.436,0.657,0.00748,5,0.0931,-8.868,1,0.0541,118.693,4,0.21,64
498,365000,0.16,0.287,0.562,0,0,0.103,-7.549,1,0.0304,147.622,4,0.126,59
499,248173,0.0694,0.531,0.818,0.0096,2,0.263,-5.358,1,0.0452,90.767,4,0.471,72
500,199906,0.266,0.48,0.626,5.70E-05,5,0.0857,-8.406,1,0.0294,75.63,4,0.542,64
501,313840,0.326,0.543,0.529,0.00269,7,0.709,-9.717,1,0.0301,85.126,4,0.746,66
502,836666,0.0439,0.295,0.568,0.0117,0,0.977,-8.232,1,0.0284,98.284,4,0.384,48
503,471160,0.0817,0.354,0.731,0.00119,2,0.115,-9.178,1,0.0381,170.64,4,0.698,66
504,289373,0.453,0.377,0.778,0,4,0.571,-6.658,1,0.0827,117.238,4,0.218,39
505,149880,0.251,0.513,0.396,0.177,7,0.11,-13.061,1,0.0299,140.208,4,0.229,72
506,456640,0.481,0.751,0.572,0.000532,0,0.105,-12.324,1,0.0388,115.839,4,0.58,58
507,286219,0.0966,0.667,0.755,6.94E-05,9,0.0523,-7.246,1,0.069,109.535,4,0.883,72
508,536226,0.25,0.505,0.476,0.00915,2,0.113,-12.897,1,0.0711,99.31,4,0.542,69
509,266013,0.412,0.693,0.528,0.00355,11,0.0563,-13.094,0,0.0855,124.573,4,0.339,60
510,501213,0.0129,0.423,0.834,0.00113,9,0.164,-5.498,0,0.037,113.876,4,0.606,47
511,212306,0.583,0.549,0.651,0,0,0.121,-7.097,1,0.0323,122.818,4,0.368,68
512,508333,0.214,0.326,0.872,0,2,0.461,-7.602,1,0.122,173.381,4,0.492,65
513,406306,0.0214,0.274,0.949,0.00778,11,0.218,-8.642,1,0.0896,100.346,4,0.497,73
514,210226,0.00124,0.527,0.978,4.75E-05,8,0.0744,-5.436,1,0.109,141.169,4,0.463,73
515,252493,0.00853,0.482,0.601,0.000187,7,0.249,-12.846,1,0.0486,125.619,4,0.774,66
516,291306,0.000886,0.535,0.967,0.0204,2,0.233,-4.082,1,0.068,110.97,4,0.347,68
517,267306,0.00211,0.267,0.953,0,1,0.283,-4.899,0,0.096,84.989,4,0.568,75
518,399693,0.00582,0.403,0.88,0.000508,0,0.319,-5.872,1,0.0532,100.457,4,0.235,60
519,296200,0.361,0.453,0.906,0.000569,9,0.26,-4.001,1,0.115,137.575,4,0.473,75
520,223733,0.0771,0.559,0.825,0,0,0.363,-10.725,0,0.0401,122.821,4,0.805,26
521,245266,0.000895,0.577,0.676,2.29E-06,8,0.0625,-11.931,1,0.0295,95.98,4,0.676,59
522,287400,0.0478,0.367,0.445,0.00284,9,0.199,-13.615,0,0.0286,67.197,4,0.149,16
523,256933,0.000692,0.512,0.947,0.114,9,0.0283,-5.659,0,0.0401,117.461,4,0.612,61
524,205560,0.000402,0.442,0.759,0.0081,10,0.174,-13.475,1,0.0354,198.117,4,0.279,58
525,316706,0.048,0.555,0.973,0,9,0.0853,-3.804,1,0.035,118.642,4,0.805,67
526,316866,0.0434,0.494,0.933,0.00108,2,0.228,-5.977,1,0.0808,121.201,4,0.507,63
527,310333,0.0628,0.536,0.844,0.00084,6,0.0608,-6.918,0,0.058,117.652,4,0.185,74
528,240933,0.0999,0.403,0.777,3.28E-06,5,0.124,-6.416,1,0.0354,76.329,4,0.149,66
529,237466,0.0203,0.505,0.631,2.21E-05,9,0.141,-10.433,0,0.038,118.178,4,0.835,60
530,283133,0.31,0.476,0.331,2.82E-06,5,0.172,-14.884,1,0.0305,130.574,4,0.24,60
531,273600,0.0326,0.445,0.955,0.284,8,0.317,-8.027,1,0.0856,123.343,4,0.336,75
532,260173,0.16,0.533,0.637,1.12E-05,6,0.369,-5.571,1,0.0323,140.167,4,0.292,71
533,284600,0.109,0.333,0.79,0,0,0.115,-6.802,1,0.0386,180.356,4,0.534,61
534,236640,0.187,0.686,0.781,1.90E-05,2,0.332,-5.906,1,0.0523,120.191,4,0.64,62
535,322933,0.028,0.723,0.541,0.00339,0,0.133,-14.021,1,0.0303,131.675,4,0.607,61
536,308666,0.137,0.257,0.803,0.0156,7,0.297,-3.886,1,0.0411,150.818,4,0.294,67
537,354640,0.229,0.36,0.527,0.000792,9,0.0536,-9.883,1,0.0289,132.639,4,0.247,59
538,194106,0.00384,0.567,0.867,0.088,7,0.112,-11.541,1,0.0484,146.008,4,0.535,55
539,270426,0.0296,0.6,0.931,7.10E-05,7,0.392,-4.647,1,0.0734,140.123,4,0.542,69
540,270160,0.207,0.39,0.898,6.64E-05,7,0.217,-4.089,1,0.045,90.703,4,0.204,15
541,250626,0.0665,0.52,0.887,0.000179,0,0.186,-3.296,1,0.0349,122.528,4,0.793,63
542,356400,0.141,0.449,0.901,0.0675,6,0.128,-7.711,1,0.0526,125.148,4,0.696,77
543,287400,0.000183,0.441,0.908,0.00328,11,0.0612,-4.627,0,0.115,145.439,4,0.632,68
544,239560,0.0745,0.547,0.822,0.00943,0,0.0645,-7.201,1,0.0292,130.138,4,0.774,19
545,247493,0.036,0.562,0.965,0,4,0.326,-2.789,0,0.0613,105.305,4,0.39,7
546,224960,0.00888,0.49,0.951,0.00126,11,0.376,-3.888,1,0.0966,158.075,4,0.628,59
547,220706,0.027,0.526,0.924,0.000728,7,0.598,-5.591,1,0.0391,147.28,4,0.793,15
548,353786,0.0642,0.476,0.901,0.158,8,0.0557,-6.751,1,0.0975,91.955,4,0.109,61
549,284026,0.00111,0.474,0.977,0.00298,7,0.201,-3.839,0,0.176,89.494,4,0.236,57
550,266626,0.0135,0.616,0.965,0.000174,11,0.119,-4.464,1,0.0613,126.535,4,0.405,56
551,219666,0.0127,0.502,0.924,0,4,0.162,-6.299,1,0.0503,149.186,4,0.922,60
552,201026,0.0372,0.472,0.946,0,2,0.352,-4.591,1,0.145,177.489,4,0.486,68
553,209066,0.0025,0.423,0.696,2.44E-06,4,0.221,-11.589,1,0.0335,129.02,4,0.786,51
554,231280,0.000384,0.457,0.794,7.26E-05,1,0.131,-6.624,0,0.0298,90.439,4,0.354,60
555,201400,0.00536,0.679,0.859,5.18E-05,0,0.327,-5.945,1,0.0665,124.324,4,0.792,66
556,265773,0.417,0.537,0.978,1.56E-05,4,0.0374,-2.921,0,0.0442,126.343,4,0.931,69
557,235733,0.00961,0.523,0.88,0.000828,9,0.329,-9.019,1,0.0402,132.426,4,0.553,54
558,262200,0.0194,0.298,0.612,9.67E-05,3,0.0906,-9.002,0,0.0379,156.727,4,0.343,60
559,269600,0.0515,0.3,0.894,0.000333,2,0.125,-7.786,0,0.109,118.631,4,0.268,60
560,284973,0.0537,0.46,0.974,7.95E-06,2,0.329,-5.095,1,0.156,112.684,4,0.444,4
561,228533,0.013,0.426,0.961,0.0259,8,0.0621,-4.365,1,0.07,171.411,4,0.616,47
562,223533,0.00081,0.296,0.83,0,1,0.263,-7.051,0,0.0505,164.124,4,0.478,5
563,295426,0.00122,0.204,0.794,0,2,0.148,-7.586,1,0.0618,149.346,4,0.205,51
564,271400,4.95E-05,0.463,0.926,0.000576,5,0.0868,-3.563,0,0.12,131.129,4,0.501,3
565,255720,0.00434,0.479,0.822,4.76E-06,4,0.0843,-6.412,0,0.0444,130.035,4,0.562,48
566,248333,0.00388,0.33,0.963,0.00714,9,0.0793,-5.509,1,0.106,171.59,4,0.734,4
567,241893,0.159,0.498,0.858,0,7,0.262,-5.259,0,0.0661,132.718,4,0.778,59
568,265333,0.0113,0.619,0.751,7.87E-05,7,0.123,-11.568,0,0.0417,126.079,4,0.532,54
569,263560,0.0373,0.562,0.991,1.14E-05,7,0.425,-2.654,1,0.0745,118.004,4,0.266,53
570,246800,0.0846,0.611,0.883,1.20E-06,9,0.192,-11.225,1,0.0539,117.928,4,0.604,66
571,245620,0.132,0.817,0.599,0.000311,0,0.0873,-9.249,0,0.0328,108.873,4,0.548,77
572,241800,0.00819,0.468,0.743,7.88E-05,0,0.369,-10.846,1,0.0326,156.103,4,0.648,55
573,313693,0.00642,0.345,0.531,7.28E-06,0,0.14,-12.708,1,0.0305,176.302,4,0.49,67
574,281960,0.00742,0.596,0.896,0.00057,0,0.372,-4.635,1,0.0382,115.092,4,0.456,61
575,236843,0.115,0.462,0.488,0,6,0.128,-11.143,1,0.0287,145.789,4,0.33,64
576,238200,0.00864,0.509,0.935,1.17E-06,6,0.255,-3.633,1,0.0493,148.062,4,0.501,57
577,195853,0.02,0.489,0.953,0.00021,0,0.113,-4.615,1,0.0858,94.443,4,0.447,63
578,230666,0.00482,0.476,0.897,2.38E-05,9,0.152,-4.237,0,0.0627,152.497,4,0.667,67
579,222466,0.00465,0.567,0.889,0.000183,9,0.269,-11.782,1,0.0304,132.726,4,0.555,54
580,318226,0.0158,0.44,0.772,5.65E-06,9,0.082,-8.838,1,0.0335,112.839,4,0.321,60
581,227693,0.0606,0.531,0.626,0,0,0.0767,-13.371,1,0.0452,88.236,4,0.746,62
582,226026,0.000373,0.516,0.733,0.00716,7,0.258,-11.341,0,0.0326,98.006,4,0.552,51
583,287320,0.0241,0.273,0.537,0,2,0.0922,-9.612,1,0.0306,81.814,4,0.232,59
584,168733,0.046,0.656,0.931,0,1,0.0543,-5.827,1,0.0976,144.747,4,0.909,31
585,210133,0.0136,0.61,0.824,1.75E-06,4,0.0606,-6.046,1,0.0534,134.992,4,0.819,64
586,312400,0.0608,0.372,0.857,9.01E-05,5,0.187,-7.816,0,0.0461,146.08,4,0.389,59
587,228066,0.0657,0.574,0.93,7.78E-06,1,0.108,-2.949,1,0.0413,92.303,4,0.69,61
588,257120,0.00253,0.303,0.961,6.20E-05,9,0.132,-5.333,0,0.243,146.591,4,0.305,65
589,273013,4.91E-05,0.542,0.839,0,3,0.0471,-4.404,0,0.0487,121.026,4,0.611,51
590,302933,0.159,0.447,0.348,1.98E-06,5,0.0835,-16.199,1,0.039,177.356,4,0.227,57
591,321266,0.36,0.341,0.406,0.0519,2,0.126,-8.139,1,0.0359,79.995,4,0.33,45
592,227800,0.021,0.518,0.938,0.000305,8,0.288,-5.964,0,0.0416,139.138,4,0.71,65
593,165906,0.00242,0.317,0.981,0.00677,6,0.0852,-7.102,1,0.174,140.079,4,0.234,74
594,257053,0.0795,0.537,0.382,0.00115,7,0.114,-15.568,0,0.0245,148.061,4,0.338,49
595,215899,0.0442,0.546,0.91,5.61E-05,5,0.263,-6.736,1,0.061,90.58,4,0.458,22
596,282746,0.000652,0.551,0.947,0.000257,2,0.0637,-4.671,1,0.152,127.657,4,0.466,66
597,235360,0.000303,0.616,0.807,2.37E-05,8,0.193,-11.4,1,0.0348,111.054,4,0.637,54
598,250986,0.127,0.5,0.748,0,4,0.447,-9.072,1,0.0363,118.852,4,0.514,79
599,346626,0.0766,0.519,0.61,6.49E-05,0,0.248,-10.256,1,0.036,121.324,4,0.232,54
600,258026,0.000359,0.601,0.859,0.00124,5,0.0871,-5.263,1,0.0276,125.145,4,0.446,72
601,168405,4.52E-05,0.415,0.658,0.000735,4,0.176,-12.051,0,0.0696,163.015,4,0.45,69
602,210173,0.00287,0.532,0.767,0.000513,7,0.39,-5.509,1,0.0574,127.361,4,0.755,77
603,271240,0.213,0.768,0.852,7.45E-05,4,0.0723,-6.215,1,0.038,128.374,4,0.867,36
604,231693,0.00914,0.526,0.9,0,4,0.277,-4.76,0,0.0531,125.349,4,0.458,57
605,241506,0.186,0.633,0.732,1.37E-05,8,0.13,-6.785,1,0.0707,126.567,4,0.273,52
606,251866,0.0105,0.282,0.656,0,8,0.0892,-6.557,1,0.0302,139.352,4,0.242,68
607,214960,0.148,0.472,0.9,0.000297,8,0.34,-6.406,0,0.0582,95.826,4,0.42,69
608,243280,0.0219,0.611,0.853,0,2,0.671,-4.983,1,0.034,135.558,4,0.376,54
609,197866,0.551,0.716,0.821,5.68E-06,7,0.618,-4.204,1,0.0389,120.737,4,0.931,65
610,211906,0.146,0.657,0.567,2.00E-05,9,0.0554,-12.871,1,0.0261,109.007,4,0.563,48
611,261933,0.015,0.547,0.691,0.105,4,0.144,-13.553,0,0.0369,137.148,4,0.667,72
612,313226,0.297,0.453,0.543,0,0,0.0928,-10.106,1,0.0366,151.362,4,0.282,37
613,253733,0.413,0.828,0.447,0.00335,1,0.074,-10.563,1,0.0349,117.391,4,0.676,45
614,241373,0.077,0.502,0.513,0,0,0.494,-6.473,1,0.0251,108.371,4,0.318,66
615,221413,0.662,0.561,0.42,2.60E-06,4,0.186,-7.79,1,0.0272,72.319,4,0.27,65
616,212933,0.378,0.588,0.656,0.00227,3,0.042,-6.373,1,0.0224,79.701,4,0.746,69
617,262413,0.267,0.542,0.44,2.48E-06,10,0.147,-11.161,0,0.0257,78.325,4,0.341,61
618,260386,0.278,0.344,0.477,0.0128,4,0.136,-10.266,1,0.0338,143.78,4,0.182,67
619,294773,0.155,0.408,0.48,1.82E-05,9,0.0877,-11.017,1,0.0266,156.344,4,0.19,73
620,207760,0.207,0.465,0.552,0,9,0.182,-7.23,1,0.0295,79.035,4,0.331,49
621,211400,0.874,0.47,0.228,2.48E-05,3,0.133,-13.651,1,0.0316,116.947,4,0.14,65
622,266266,0.64,0.207,0.358,0.000356,10,0.166,-9.672,1,0.0289,62.33,3,0.209,48
623,257440,0.42,0.495,0.609,0,7,0.187,-9.902,1,0.0339,135.671,4,0.33,67
624,234332,0.115,0.261,0.703,0.00078,6,0.102,-7.871,1,0.0414,83.495,4,0.405,65
625,234560,0.767,0.543,0.227,4.29E-05,8,0.103,-11.247,1,0.0298,123.548,4,0.292,62
626,251400,0.771,0.62,0.186,0.0115,7,0.0738,-19.696,1,0.0276,137.715,4,0.44,58
627,263933,0.282,0.598,0.282,0,11,0.105,-17.227,1,0.0256,134.706,4,0.305,64
628,234493,0.169,0.526,0.515,0.000816,9,0.181,-11.169,1,0.0389,136.543,4,0.518,69
629,242678,0.764,0.553,0.614,0,1,0.0811,-5.098,1,0.0306,136.628,4,0.345,64
630,202173,0.584,0.405,0.21,0,2,0.139,-13.214,1,0.0279,100.577,3,0.174,69
631,259000,0.728,0.396,0.479,9.51E-06,5,0.102,-8.072,1,0.0268,109.973,4,0.184,62
632,328293,0.506,0.744,0.545,0.0977,0,0.0649,-9.361,1,0.0297,97.409,4,0.346,74
633,338800,0.513,0.629,0.581,2.06E-06,4,0.0755,-11.856,1,0.027,97.074,4,0.359,64
634,270333,0.0298,0.643,0.801,0,6,0.0719,-4.921,1,0.0228,95.988,4,0.534,75
635,241066,0.355,0.636,0.405,0,8,0.081,-11.113,1,0.0287,128.068,4,0.257,32
636,211933,0.0814,0.578,0.213,0,0,0.116,-18.504,1,0.0277,84.778,4,0.317,55
637,225280,0.018,0.573,0.902,0.00125,6,0.0928,-7.638,0,0.054,84.412,4,0.876,85
638,292066,0.31,0.33,0.469,2.30E-06,10,0.0402,-9.286,0,0.0335,201.327,4,0.433,69
639,300093,0.144,0.575,0.634,1.68E-06,2,0.314,-8.822,0,0.0348,153.217,4,0.79,13
640,231840,0.248,0.469,0.278,0.000126,3,0.133,-16.311,0,0.028,169.735,4,0.331,67
641,275986,0.114,0.677,0.509,0.0134,5,0.0659,-7.472,1,0.0252,93.042,4,0.525,60
642,328093,0.108,0.539,0.583,0,1,0.111,-4.935,0,0.0275,86.063,4,0.337,73
643,243666,0.0596,0.34,0.412,0,9,0.117,-13.727,0,0.0268,69.857,4,0.402,14
644,258120,0.0778,0.518,0.585,2.43E-06,5,0.31,-8.485,1,0.0279,144.998,4,0.312,72
645,255733,0.0613,0.497,0.719,0,6,0.411,-9.397,1,0.0266,95.769,4,0.547,72
646,256226,0.296,0.443,0.282,0.000231,7,0.308,-14.339,1,0.0299,179.714,4,0.262,58
647,256487,0.328,0.59,0.306,6.95E-06,10,0.0377,-16.326,1,0.0325,77.069,4,0.493,62
648,243066,0.576,0.724,0.436,1.19E-06,0,0.0908,-9.321,1,0.0282,130.439,4,0.324,74
649,206360,0.198,0.58,0.498,0,1,0.132,-6.901,1,0.0277,116.271,4,0.111,72
650,324346,0.169,0.608,0.604,0.000133,5,0.106,-12.285,1,0.0433,164.254,4,0.673,60
651,304786,0.193,0.477,0.471,1.76E-06,6,0.131,-10.036,1,0.0277,81.204,4,0.423,76
652,267080,0.0979,0.202,0.644,0,11,0.109,-5.212,1,0.0324,85.04,5,0.252,70
653,418000,0.348,0.439,0.512,0,8,0.154,-12.875,1,0.0515,131.386,4,0.197,56
654,295520,0.000185,0.538,0.432,0.309,2,0.139,-11.882,1,0.0295,110.181,4,0.116,35
655,218733,0.638,0.418,0.452,0.00026,1,0.0959,-13.099,1,0.0356,175.088,4,0.168,73
656,229240,0.368,0.583,0.602,0,11,0.22,-6.364,1,0.0274,74.008,4,0.388,72
657,264333,0.8,0.395,0.252,0,0,0.101,-13.589,1,0.0301,177.679,4,0.126,74
658,204000,0.492,0.638,0.352,0,10,0.105,-9.266,1,0.0268,94.173,3,0.204,70
659,193120,0.0811,0.692,0.422,0,2,0.0848,-10.533,1,0.0333,74.375,4,0.468,70
660,235666,0.64,0.521,0.233,0,7,0.245,-13.683,1,0.0254,78.927,3,0.409,63
661,280400,0.0158,0.625,0.726,0.000169,11,0.0625,-11.402,0,0.0444,124.945,4,0.507,69
662,255666,0.191,0.541,0.44,0,10,0.114,-12.206,1,0.031,140.273,4,0.232,70
663,273600,0.0326,0.445,0.955,0.284,8,0.317,-8.027,1,0.0856,123.343,4,0.336,75
664,210173,0.00287,0.532,0.767,0.000513,7,0.39,-5.509,1,0.0574,127.361,4,0.755,77
665,267306,0.00211,0.267,0.953,0,1,0.283,-4.899,0,0.096,84.989,4,0.568,75
666,241599,0.171,0.572,0.835,0.000376,0,0.0702,-6.219,1,0.0317,129.994,4,0.796,78
667,214653,0.115,0.951,0.53,0.179,5,0.17,-6.594,0,0.178,109.979,4,0.699,74
668,250626,0.0665,0.52,0.887,0.000179,0,0.186,-3.296,1,0.0349,122.528,4,0.793,63
669,188986,0.079,0.742,0.833,0,2,0.384,-6.463,1,0.115,113.375,4,0.816,79
670,359733,0.0157,0.51,0.696,0.000104,4,0.297,-10.83,1,0.0802,176.567,4,0.905,66
671,253886,0.56,0.813,0.46,0.0105,1,0.0724,-9.78,1,0.0346,117.387,4,0.729,75
672,457133,0.00388,0.619,0.703,0.205,10,0.163,-9.414,0,0.0525,115.043,4,0.709,71
673,256000,0.219,0.63,0.449,0,5,0.0622,-13.243,1,0.0252,84.378,4,0.623,73
674,295515,0.000207,0.543,0.432,0.369,2,0.146,-11.832,1,0.0288,110.196,4,0.107,70
675,180517,0.0713,0.801,0.723,0.154,10,0.0675,-4.985,0,0.0689,109.03,4,0.883,65
676,201866,0.000312,0.519,0.934,0.00457,7,0.137,-7.137,1,0.0471,138.162,4,0.586,66
677,271240,0.213,0.768,0.852,7.45E-05,4,0.0723,-6.215,1,0.038,128.374,4,0.867,36
678,265773,0.417,0.537,0.978,1.56E-05,4,0.0374,-2.921,0,0.0442,126.343,4,0.931,69
679,352906,0.0102,0.729,0.989,4.45E-05,9,0.443,-4.613,0,0.049,126.47,4,0.84,70
680,278680,0.000373,0.398,0.952,7.75E-05,4,0.1,-6.042,1,0.061,122.093,4,0.584,73
681,252493,0.00853,0.482,0.601,0.000187,7,0.249,-12.846,1,0.0486,125.619,4,0.774,66
682,260173,0.16,0.533,0.637,1.12E-05,6,0.369,-5.571,1,0.0323,140.167,4,0.292,71
683,270426,0.0296,0.6,0.931,7.10E-05,7,0.392,-4.647,1,0.0734,140.123,4,0.542,69
684,270160,0.207,0.39,0.898,6.64E-05,7,0.217,-4.089,1,0.045,90.703,4,0.204,15
685,310960,0.00841,0.767,0.651,3.86E-05,6,0.0609,-10.186,0,0.0501,105.592,4,0.946,59
686,356400,0.141,0.449,0.901,0.0675,6,0.128,-7.711,1,0.0526,125.148,4,0.696,77
687,219666,0.0127,0.502,0.924,0,4,0.162,-6.299,1,0.0503,149.186,4,0.922,60
688,269600,0.0515,0.3,0.894,0.000333,2,0.125,-7.786,0,0.109,118.631,4,0.268,60
689,246800,0.0846,0.611,0.883,1.20E-06,9,0.192,-11.225,1,0.0539,117.928,4,0.604,66
690,228066,0.0657,0.574,0.93,7.78E-06,1,0.108,-2.949,1,0.0413,92.303,4,0.69,61
691,261933,0.015,0.547,0.691,0.105,4,0.144,-13.553,0,0.0369,137.148,4,0.667,72
692,220306,0.000466,0.525,0.858,0.878,9,0.166,-4.927,0,0.0345,145.492,4,0.669,57
693,259906,0.181,0.644,0.919,0.134,2,0.622,-6.289,1,0.0561,117.459,4,0.871,68
694,224906,0.0112,0.637,0.682,0.0234,11,0.0473,-11.625,1,0.0366,129.983,4,0.714,62
695,179360,0.000212,0.49,0.827,0.00406,8,0.112,-9.481,1,0.0482,108.577,4,0.626,63
696,408173,0.000854,0.398,0.93,0.121,11,0.0874,-6.76,1,0.0615,190.818,4,0.725,68
697,212013,0.0524,0.442,0.935,0.000307,9,0.188,-6.903,1,0.0424,151.448,4,0.514,48
698,293826,0.0236,0.92,0.654,0.0158,11,0.0359,-3.051,0,0.0401,117.046,4,0.847,84
699,316706,0.048,0.555,0.973,0,9,0.0853,-3.804,1,0.035,118.642,4,0.805,67
700,336613,0.0113,0.492,0.709,0.00564,2,0.153,-9.66,1,0.0359,125.799,4,0.264,56
701,210226,0.00124,0.527,0.978,4.75E-05,8,0.0744,-5.436,1,0.109,141.169,4,0.463,73
702,192960,0.435,0.65,0.732,0,4,0.093,-10.042,1,0.0289,109.292,4,0.919,16
703,287000,0.0387,0.426,0.65,3.76E-06,7,0.126,-7.747,1,0.0332,82.184,4,0.493,66
704,220626,0.0433,0.691,0.812,1.16E-06,0,0.299,-7.772,1,0.0558,127.568,4,0.685,72
705,231280,0.000384,0.457,0.794,7.26E-05,1,0.131,-6.624,0,0.0298,90.439,4,0.354,60
706,164866,0.0252,0.524,0.881,0,5,0.101,-4.479,1,0.0468,101.677,4,0.62,56
707,245360,0.0114,0.648,0.947,0.0567,4,0.105,-6.617,0,0.0369,113.255,4,0.602,58
708,245533,0.158,0.823,0.563,0.00033,0,0.0861,-10.134,0,0.0318,108.86,4,0.563,55
709,199666,0.0308,0.567,0.943,0.0966,6,0.544,-7.992,0,0.0387,128.207,4,0.965,72
710,393666,0.174,0.511,0.942,1.87E-05,0,0.139,-10.407,1,0.0429,97.909,4,0.498,69
711,162506,0.438,0.569,0.402,0,0,0.134,-10.151,1,0.0433,144.635,4,0.696,26
712,282560,0.000766,0.536,0.959,0.0533,2,0.22,-5.126,1,0.076,111.012,4,0.39,32
713,216053,0.0183,0.508,0.834,0,2,0.0732,-6.205,1,0.0386,139.131,4,0.774,80
714,447440,0.00112,0.444,0.703,0.0761,7,0.127,-9.443,1,0.0641,106.228,4,0.419,69
715,506400,0.0491,0.667,0.655,0.000894,2,0.0641,-9.339,0,0.0367,134.212,4,0.657,63
716,195933,0.113,0.704,0.77,0,2,0.101,-8.843,1,0.0526,131.57,4,0.839,9
717,287306,0.648,0.45,0.658,3.14E-06,2,0.264,-7.064,1,0.0472,106.799,4,0.781,72
718,207400,0.129,0.673,0.72,0.0133,8,0.0813,-10.411,1,0.0376,133.62,4,0.6,68
719,204621,0.000989,0.525,0.902,0.691,2,0.137,-8.662,1,0.0368,146.83,4,0.907,64
720,230666,0.00482,0.476,0.897,2.38E-05,9,0.152,-4.237,0,0.0627,152.497,4,0.667,67
721,193200,0.0094,0.887,0.48,3.58E-05,11,0.0662,-11.994,1,0.117,95.846,4,0.607,75
722,220706,0.027,0.526,0.924,0.000728,7,0.598,-5.591,1,0.0391,147.28,4,0.793,15
723,251488,0.372,0.638,0.8,0.00553,7,0.113,-12.077,1,0.0572,112.055,4,0.569,82
724,225280,0.018,0.573,0.902,0.00125,6,0.0928,-7.638,0,0.054,84.412,4,0.876,85
725,236800,0.334,0.676,0.7,1.40E-05,11,0.0462,-13.397,0,0.0391,114.932,4,0.692,52
726,450800,0.000726,0.793,0.703,0.88,0,0.075,-9.548,1,0.0581,130.27,4,0.856,73
727,263040,0.168,0.66,0.816,0.0181,2,0.0608,-6.61,1,0.0299,111.346,4,0.678,73
728,248906,0.25,0.491,0.802,0,4,0.387,-7.106,1,0.0392,119.25,4,0.472,76
729,288733,0.546,0.522,0.559,0.00565,6,0.188,-13.641,1,0.0387,176.894,4,0.908,75
730,363640,0.361,0.702,0.59,3.91E-06,2,0.0512,-12.76,1,0.0302,111.57,4,0.973,65
731,277480,0.0139,0.565,0.764,0.00488,1,0.079,-9.43,1,0.0351,100.891,4,0.686,54
732,242720,0.0155,0.324,0.931,0.0252,9,0.277,-6.803,1,0.0837,82.748,4,0.313,58
733,287400,0.000183,0.441,0.908,0.00328,11,0.0612,-4.627,0,0.115,145.439,4,0.632,68
734,212226,0.000646,0.554,0.833,0.0025,2,0.0737,-6.667,0,0.0347,142.673,4,0.773,64
735,201026,0.0372,0.472,0.946,0,2,0.352,-4.591,1,0.145,177.489,4,0.486,68
736,211026,0.0249,0.629,0.785,9.45E-06,5,0.0522,-10.761,1,0.0471,108.531,4,0.869,66
737,296200,0.361,0.453,0.906,0.000569,9,0.26,-4.001,1,0.115,137.575,4,0.473,75
738,165906,0.00242,0.317,0.981,0.00677,6,0.0852,-7.102,1,0.174,140.079,4,0.234,74
739,233960,0.0103,0.221,0.956,0.000523,0,0.195,-4.641,1,0.0876,173.254,4,0.432,70
740,218400,0.00182,0.566,0.926,0.122,4,0.281,-7.099,1,0.0327,146.271,4,0.963,34
741,288533,0.000732,0.536,0.869,0.000374,4,0.337,-4.91,0,0.0597,166.383,4,0.493,25
742,227733,0.000901,0.421,0.742,0.00216,4,0.689,-10.564,1,0.0334,105.889,4,0.762,44
743,252533,4.82E-06,0.55,0.765,0.873,7,0.132,-8.684,1,0.0287,139.453,4,0.417,63
744,310333,0.0628,0.536,0.844,0.00084,6,0.0608,-6.918,0,0.058,117.652,4,0.185,74
745,224933,0.0911,0.673,0.899,0.0172,11,0.0481,-3.528,1,0.0434,129.885,4,0.793,68
746,346280,0.132,0.522,0.85,0.0338,7,0.295,-4.769,1,0.0361,124.216,4,0.71,66
747,268200,5.93E-05,0.206,0.81,0.0644,9,0.0855,-6.492,1,0.0423,163.552,4,0.155,22
748,155973,0.00517,0.462,0.836,0,11,0.18,-5.766,0,0.0621,168.766,4,0.671,71
749,222426,0.287,0.796,0.872,0,9,0.284,-6.722,0,0.0573,129.894,4,0.866,72
750,173173,0.000427,0.487,0.884,0.402,5,0.0954,-11.995,1,0.0425,135.533,4,0.569,63
751,158106,0.0658,0.768,0.716,0.00213,2,0.0379,-12.922,1,0.0625,157.935,4,0.961,55
752,215120,2.38E-05,0.465,0.886,0.314,3,0.152,-7.183,1,0.0354,137.986,4,0.772,43
753,246973,0.0242,0.566,0.893,0,7,0.0343,-8.88,1,0.0309,102.813,4,0.774,47
754,417800,0.000277,0.286,0.907,0.202,7,0.0837,-9.67,1,0.0374,156.395,4,0.746,62
755,279440,0.415,0.541,0.946,0.000389,6,0.0468,-7.459,1,0.058,101.169,4,0.728,57
756,252773,0.103,0.68,0.678,0.00828,1,0.204,-11.548,1,0.0754,131.165,4,0.251,70
757,173266,0.00401,0.616,0.727,0.86,1,0.157,-8.176,0,0.0365,92.259,4,0.54,61
758,210866,0.00128,0.305,0.965,0.00124,0,0.317,-5.926,1,0.0809,90.81,4,0.644,54
759,293653,0.0222,0.358,0.893,0.0524,4,0.126,-7.486,0,0.12,174.238,4,0.262,69
760,220160,0.00655,0.679,0.946,3.46E-05,9,0.0524,-5.281,1,0.0638,115.425,4,0.89,42
761,185960,0.368,0.751,0.703,0.00123,9,0.196,-5.687,1,0.0287,97.931,4,0.907,62
762,448306,0.00325,0.476,0.764,0.112,9,0.138,-6.454,1,0.032,171.903,4,0.546,48
763,295893,0.257,0.671,0.373,7.95E-05,9,0.0481,-18.064,1,0.0323,92.717,4,0.732,86
764,188986,0.079,0.742,0.833,0,2,0.384,-6.463,1,0.115,113.375,4,0.816,79
765,293826,0.0236,0.92,0.654,0.0158,11,0.0359,-3.051,0,0.0401,117.046,4,0.847,84
766,216933,0.227,0.692,0.711,0,0,0.12,-7.498,0,0.0317,125.135,4,0.875,83
767,249653,0.242,0.49,0.723,0,4,0.371,-9.699,1,0.0408,119.022,4,0.485,58
768,243066,0.576,0.724,0.436,1.19E-06,0,0.0908,-9.321,1,0.0282,130.439,4,0.324,74
769,251573,0.559,0.822,0.478,0.0073,1,0.0813,-8.746,1,0.0343,117.394,4,0.722,66
770,190706,0.261,0.737,0.569,0.311,5,0.046,-6.702,1,0.0553,167.196,4,0.912,64
771,291293,0.207,0.709,0.824,0.000307,1,0.0888,-8.824,1,0.0453,118.814,4,0.867,25
772,217043,0.119,0.764,0.885,0,7,0.109,-4.274,0,0.143,104.049,4,0.746,52
773,300026,0.342,0.672,0.832,0.000428,11,0.242,-2.388,0,0.342,117.298,4,0.549,70
774,300106,0.128,0.574,0.629,0,2,0.271,-8.815,0,0.0363,153.119,4,0.786,76
775,175173,0.326,0.535,0.716,0,4,0.659,-5.025,1,0.0431,94.379,4,0.901,66
776,158640,0.06,0.769,0.867,0.000562,2,0.0432,-7.436,1,0.0545,157.874,4,0.962,47
777,258040,0.0491,0.779,0.867,7.98E-06,3,0.197,-3.704,0,0.0457,138.858,4,0.915,79
778,194866,0.0736,0.696,0.943,0,4,0.653,-2.962,1,0.0431,129.003,4,0.833,69
779,226826,0.0984,0.583,0.905,0.00019,2,0.0593,-6.132,1,0.0733,173.982,4,0.646,74
780,230640,0.0962,0.59,0.868,0.000322,5,0.442,-5.832,0,0.048,184.348,4,0.798,67
781,246693,0.33,0.738,0.921,2.09E-06,0,0.066,-4.908,1,0.124,125.436,4,0.668,55
782,249960,0.0126,0.788,0.522,1.35E-06,0,0.0671,-13.029,0,0.0578,111.578,4,0.923,59
783,199453,0.0857,0.641,0.894,0.009,8,0.157,-7.41,1,0.0273,109.823,4,0.972,68
784,223760,0.0914,0.741,0.808,0.0147,11,0.0488,-4.367,0,0.026,107.234,4,0.908,62
785,162466,0.416,0.554,0.783,1.54E-06,6,0.631,-5.852,1,0.0457,105.39,4,0.813,75
786,330986,0.0184,0.519,0.695,0.000617,7,0.576,-7.219,0,0.0354,82.314,4,0.713,62
787,232280,0.0986,0.607,0.795,0,0,0.059,-5.137,1,0.0496,81.298,4,0.815,62
788,271893,0.0351,0.727,0.685,4.43E-05,11,0.0973,-7.159,0,0.0398,88.75,4,0.812,76
789,225280,0.018,0.573,0.902,0.00125,6,0.0928,-7.638,0,0.054,84.412,4,0.876,85
790,329013,0.0623,0.636,0.724,6.62E-06,11,0.0973,-7.328,0,0.0367,89.319,4,0.632,13
791,212400,0.0262,0.695,0.976,2.41E-05,8,0.182,-6.982,1,0.0428,113.357,4,0.937,55
792,221840,0.103,0.555,0.757,1.16E-06,1,0.0631,-7.868,0,0.0601,129.607,4,0.582,72
793,241306,0.0115,0.527,0.942,0,1,0.188,-5.64,0,0.0366,148.723,4,0.495,75
794,231466,0.0915,0.636,0.467,1.70E-06,4,0.117,-10.1,1,0.0421,96.639,4,0.58,58
795,238120,0.214,0.707,0.788,0.000571,6,0.308,-5.269,1,0.0333,120.465,4,0.746,69
796,292880,0.000147,0.501,0.889,0.0114,4,0.217,-5.175,1,0.0364,133.519,4,0.257,82
797,254346,0.000265,0.584,0.833,0.00595,11,0.32,-5.824,1,0.0358,124.018,4,0.671,62
798,215133,0.241,0.544,0.897,0,3,0.13,-6.056,0,0.0471,157.17,4,0.647,71
799,193200,0.0094,0.887,0.48,3.58E-05,11,0.0662,-11.994,1,0.117,95.846,4,0.607,75
800,219906,0.000418,0.537,0.815,0.807,2,0.194,-6.208,1,0.0348,145.424,4,0.691,57
801,276360,0.126,0.777,0.725,0.0108,5,0.0917,-9.012,1,0.047,128.349,4,0.851,69
802,296080,0.052,0.661,0.908,0,5,0.0708,-4.897,1,0.039,144.091,4,0.656,75
803,175400,0.319,0.542,0.915,5.34E-05,9,0.171,-9.637,1,0.0549,159.81,4,0.92,70
804,237760,0.0409,0.767,0.712,8.08E-05,1,0.132,-4.128,0,0.0324,124.091,4,0.804,69
805,270333,0.0298,0.643,0.801,0,6,0.0719,-4.921,1,0.0228,95.988,4,0.534,75
806,273413,0.202,0.838,0.664,0.000146,6,0.621,-9.176,1,0.0445,119.6,4,0.929,48
807,244440,0.176,0.785,0.671,6.45E-05,5,0.0955,-7.047,1,0.0267,113.805,4,0.95,56
808,289680,0.0476,0.697,0.665,0.00665,6,0.0796,-12.907,0,0.0412,108.535,4,0.485,21
809,229240,0.368,0.583,0.602,0,11,0.22,-6.364,1,0.0274,74.008,4,0.388,72
810,309760,0.00796,0.759,0.578,8.18E-05,6,0.0605,-12.56,0,0.0468,105.598,4,0.944,69
811,236760,0.0201,0.544,0.738,0.00138,6,0.0497,-9.587,0,0.04,117.826,4,0.375,63
812,180240,0.2,0.901,0.654,0,10,0.165,-10.15,1,0.0655,110.131,4,0.781,62
813,203266,0.0444,0.807,0.83,0.000358,4,0.0842,-4.04,1,0.0367,128.501,4,0.954,61
814,226240,0.0135,0.898,0.271,0.00138,7,0.0461,-12.238,1,0.091,111.485,4,0.742,75
815,258173,0.00539,0.754,0.496,0.000152,0,0.0871,-8.7,1,0.0351,119.186,4,0.341,66
816,192866,0.0752,0.688,0.706,0,2,0.0924,-7.925,1,0.042,131.705,4,0.842,70
817,222320,0.415,0.705,0.59,0,5,0.271,-5.201,1,0.0407,135.176,4,0.344,12
818,210173,0.00287,0.532,0.767,0.000513,7,0.39,-5.509,1,0.0574,127.361,4,0.755,77
819,261893,0.177,0.783,0.573,8.50E-05,7,0.043,-8.521,1,0.0462,122.744,4,0.789,61
820,200293,0.0519,0.306,0.722,0,0,0.117,-5.963,1,0.034,174.732,4,0.41,71
821,255733,0.0613,0.497,0.719,0,6,0.411,-9.397,1,0.0266,95.769,4,0.547,72
822,177266,0.0958,0.745,0.655,1.99E-06,5,0.0895,-7.589,1,0.166,141.429,4,0.582,62
823,286666,0.658,0.787,0.517,1.07E-05,7,0.292,-12.794,1,0.0332,108.186,4,0.885,52
824,159986,0.0265,0.571,0.871,0,7,0.102,-6.226,1,0.0621,119.852,4,0.749,49
825,290960,0.00719,0.409,0.92,0.00105,11,0.0823,-5.439,0,0.12,145.085,4,0.37,68
826,236866,0.00673,0.708,0.851,0.00017,9,0.104,-10.996,0,0.0329,129.773,4,0.982,48
827,263440,0.107,0.86,0.705,8.87E-06,10,0.149,-12.514,0,0.0894,134.395,4,0.854,63
828,220706,0.027,0.526,0.924,0.000728,7,0.598,-5.591,1,0.0391,147.28,4,0.793,15
829,267080,0.0979,0.202,0.644,0,11,0.109,-5.212,1,0.0324,85.04,5,0.252,70
830,222426,0.287,0.796,0.872,0,9,0.284,-6.722,0,0.0573,129.894,4,0.866,72
831,294773,0.155,0.408,0.48,1.82E-05,9,0.0877,-11.017,1,0.0266,156.344,4,0.19,73
832,228800,0.312,0.577,0.665,8.89E-05,5,0.138,-5.572,1,0.0285,101.807,4,0.305,36
833,155880,0.589,0.62,0.446,0.0299,1,0.0727,-14.451,0,0.0347,88.591,4,0.868,72
834,164533,0.00623,0.686,0.649,0.0625,7,0.0592,-12.935,1,0.0642,109.984,4,0.76,57
835,245600,0.0192,0.787,0.588,0.0205,6,0.347,-14.228,0,0.0355,115.513,4,0.803,55
836,211466,0.118,0.622,0.845,0,1,0.0984,-5.984,1,0.0324,132.752,4,0.715,63
837,211226,0.566,0.652,0.634,1.08E-06,9,0.15,-9.914,1,0.0261,114.681,4,0.674,54
838,227040,0.0902,0.558,0.867,0,7,0.378,-6.439,1,0.0449,163.213,4,0.942,40
839,224893,0.0307,0.774,0.803,0,0,0.347,-4.959,1,0.0877,117.778,4,0.813,61
840,204706,0.00344,0.724,0.891,4.66E-05,11,0.3,-7.818,1,0.0995,103.022,4,0.819,65
841,269786,0.195,0.435,0.658,0,8,0.102,-8.179,1,0.0661,130.276,4,0.184,75
842,199666,0.0308,0.567,0.943,0.0966,6,0.544,-7.992,0,0.0387,128.207,4,0.965,72
843,229906,0.165,0.9,0.681,0,9,0.23,-3.758,1,0.274,93.927,4,0.638,50
844,284480,0.0292,0.761,0.847,2.26E-06,7,0.39,-3.068,1,0.0417,91.519,4,0.765,75
845,319493,0.0142,0.884,0.472,0,11,0.142,-13.776,1,0.346,98.425,4,0.826,54
846,302866,0.203,0.5,0.899,0,9,0.177,-3.907,0,0.467,177.815,4,0.754,51
847,246173,0.117,0.854,0.58,0.00471,1,0.0921,-10.008,1,0.217,162.116,4,0.7,61
848,290573,0.274,0.678,0.794,1.68E-06,10,0.124,-6.186,0,0.14,87.374,4,0.54,59
849,267266,0.102,0.862,0.642,0,6,0.272,-13.652,0,0.101,99.201,4,0.765,69
850,305573,0.0442,0.672,0.785,0.00253,9,0.136,-4.214,0,0.109,90.574,4,0.219,64
851,302546,0.487,0.858,0.896,0,9,0.235,-2.344,1,0.26,96,4,0.783,47
852,240693,0.0655,0.647,0.514,0,8,0.398,-10.05,1,0.0593,79.974,4,0.387,82
853,211493,0.0285,0.549,0.853,0.000296,7,0.618,-4.293,1,0.188,94.695,4,0.346,76
854,275640,0.278,0.827,0.635,0.000119,11,0.109,-6.77,0,0.251,88.87,4,0.766,57
855,391693,0.0341,0.813,0.693,0,10,0.121,-8,0,0.266,103.508,4,0.618,62
856,249506,0.309,0.769,0.681,1.20E-05,1,0.248,-12.906,1,0.136,108.462,4,0.901,42
857,214946,0.0113,0.854,0.71,8.72E-05,4,0.166,-6.32,0,0.0793,106.894,4,0.818,77
858,194293,0.00864,0.906,0.623,4.19E-06,1,0.0753,-6.711,0,0.303,99.498,4,0.715,65
859,278200,0.0405,0.856,0.696,8.75E-06,6,0.0901,-3.51,1,0.226,89.738,4,0.718,56
860,326093,0.169,0.77,0.744,0.00223,2,0.0537,-8.133,1,0.0937,106.15,4,0.548,48
861,311506,0.00372,0.865,0.836,0.00551,1,0.301,-6.088,1,0.225,102.754,4,0.248,44
862,309800,0.158,0.654,0.637,1.28E-05,10,0.338,-6.915,0,0.293,81.947,4,0.364,68
863,253533,0.193,0.583,0.692,0,10,0.121,-7.932,0,0.362,174.141,4,0.595,61
864,246320,0.000136,0.692,0.833,1.98E-05,7,0.515,-3.974,1,0.0492,96.814,4,0.692,72
865,251906,0.00561,0.659,0.738,0,4,0.319,-4.077,0,0.362,93.796,4,0.516,18
866,287893,0.0402,0.802,0.794,0.5,10,0.342,-7.351,0,0.125,102.37,4,0.614,46
867,308733,0.207,0.886,0.512,0,10,0.0991,-11.825,0,0.237,93.997,4,0.454,67
868,259000,0.157,0.849,0.422,1.19E-05,10,0.255,-13.95,0,0.122,96.216,4,0.624,71
869,252746,0.432,0.778,0.578,0,9,0.138,-7.22,0,0.274,84.487,4,0.758,75
870,325506,0.0146,0.763,0.786,0.0114,10,0.0817,-6.472,0,0.229,93.857,4,0.504,77
871,296266,0.0287,0.754,0.785,0.00144,10,0.319,-8.178,0,0.18,94.123,4,0.821,65
872,293973,0.0394,0.665,0.91,0,6,0.227,-4.682,0,0.223,84.099,4,0.887,64
873,251466,0.234,0.794,0.627,0,11,0.35,-9.431,1,0.36,87.554,4,0.518,64
874,208840,0.0327,0.866,0.698,0.0187,10,0.108,-7.976,0,0.272,94.64,4,0.713,55
875,268910,0.0984,0.763,0.742,0,6,0.38,-10.975,0,0.188,98.145,4,0.483,64
876,298773,0.0279,0.765,0.29,1.02E-06,4,0.571,-17.117,0,0.139,92.409,4,0.506,72
877,271920,0.00381,0.709,0.714,0,0,0.0513,-4.038,1,0.0786,100.866,4,0.759,45
878,204666,0.168,0.762,0.773,0,1,0.117,-6.037,0,0.255,105.154,4,0.568,45
879,210160,0.0208,0.901,0.63,0.0987,8,0.103,-10.841,0,0.188,102.182,4,0.73,46
880,262826,0.00471,0.933,0.664,0,1,0.0908,-11.281,1,0.311,128.467,4,0.616,27
881,178440,0.032,0.324,0.938,0.0321,6,0.0961,-7.332,0,0.102,168.131,4,0.543,73
882,271066,0.0326,0.848,0.838,4.63E-06,4,0.124,-11.949,0,0.0723,97.735,4,0.774,60
883,282640,0.00484,0.797,0.582,2.04E-06,2,0.517,-12.97,1,0.255,105.974,4,0.415,56
884,261866,0.00217,0.838,0.575,0.00872,6,0.641,-10.126,0,0.221,111.892,4,0.726,49
885,257360,0.00456,0.867,0.517,0.000339,11,0.0864,-13.222,0,0.0875,133.148,4,0.866,73
886,272706,0.0284,0.815,0.851,0,1,0.343,-3.667,0,0.178,99.915,4,0.674,45
887,246533,0.00435,0.608,0.669,0.0109,1,0.337,-10.834,0,0.335,202.062,4,0.679,48
888,279520,0.195,0.707,0.735,5.88E-06,8,0.347,-4.881,0,0.0615,86.271,4,0.829,42
889,211120,0.533,0.797,0.75,0.108,0,0.095,-9.369,1,0.247,177.87,4,0.74,73
890,251573,0.173,0.848,0.666,0.000699,0,0.129,-6.547,1,0.274,96.662,4,0.744,72
891,247213,0.183,0.583,0.557,0,7,0.109,-6.045,0,0.27,125.888,4,0.856,41
892,305013,0.241,0.686,0.398,0,8,0.0573,-13.361,0,0.143,80.228,4,0.688,44
893,271973,0.127,0.842,0.831,0,1,0.0881,-7.072,1,0.242,92.053,4,0.814,42
894,213093,0.00631,0.715,0.833,0,2,0.164,-5.379,1,0.108,95.487,4,0.612,73
895,238266,0.12,0.862,0.663,0,0,0.318,-9.004,1,0.21,85.308,4,0.837,63
896,161400,0.097,0.814,0.481,3.83E-05,0,0.0495,-5.183,1,0.245,96.252,4,0.193,68
897,254253,0.0581,0.854,0.738,0,6,0.106,-7.284,0,0.244,100,4,0.847,58
898,239546,0.0516,0.934,0.459,0,1,0.222,-7.654,1,0.189,103.04,4,0.697,65
899,233120,0.0877,0.941,0.678,0,7,0.358,-8.194,1,0.287,101.399,4,0.625,32
900,227694,0.0175,0.881,0.874,1.19E-06,6,0.154,-4.505,1,0.139,107.891,4,0.858,72
901,207466,0.0888,0.677,0.503,1.48E-05,4,0.182,-9.027,1,0.0867,85.926,4,0.417,47
902,261266,0.0476,0.884,0.334,0.0588,1,0.107,-18.943,0,0.228,98.315,4,0.571,58
903,218026,0.0463,0.799,0.642,0,8,0.0616,-5.523,0,0.13,92.907,4,0.536,51
904,320266,0.0393,0.535,0.505,0,2,0.0923,-8.926,0,0.245,99.935,4,0.495,76
905,237093,0.00328,0.614,0.752,0,7,0.379,-6.271,1,0.0652,95.018,4,0.444,47
906,261133,0.0335,0.818,0.653,5.46E-06,1,0.22,-8.396,1,0.204,99.931,4,0.533,70
907,195106,0.000501,0.749,0.745,0.00403,2,0.333,-10.625,1,0.164,101.972,4,0.481,69
908,304600,0.303,0.868,0.646,0,1,0.284,-4.674,0,0.288,88.641,4,0.67,81
909,236120,0.19,0.902,0.653,0.000983,4,0.0895,-5.425,0,0.284,94.069,4,0.863,53
910,252306,0.00826,0.715,0.738,0,7,0.26,-10.139,1,0.157,97.877,4,0.573,63
911,248866,0.29,0.845,0.51,2.39E-06,11,0.114,-13.064,0,0.224,95.265,4,0.74,76
912,257693,0.0312,0.72,0.891,0,8,0.21,-7.911,1,0.0761,119.976,4,0.7,45
913,307506,0.144,0.697,0.828,2.03E-06,1,0.334,-3.733,0,0.0963,95.052,4,0.555,10
914,260306,0.135,0.78,0.754,0.0339,5,0.0467,-5.377,0,0.0949,82.395,4,0.81,64
915,185933,0.0757,0.802,0.461,0,11,0.109,-12.367,0,0.302,90.995,4,0.74,50
916,225973,0.0534,0.758,0.408,0.00268,4,0.296,-10.751,1,0.159,80.485,4,0.367,52
917,218186,0.00561,0.4,0.841,0,11,0.338,-5.368,1,0.148,91.162,4,0.62,39
918,265506,0.0168,0.554,0.49,0.000534,4,0.136,-8.046,1,0.0457,84.275,4,0.513,67
919,232453,0.0562,0.645,0.792,0.0121,4,0.119,-7.34,0,0.036,90.565,4,0.666,76
920,186400,0.719,0.538,0.471,0,5,0.109,-8.403,1,0.0441,93.808,4,0.499,61
921,258906,0.00212,0.412,0.849,0,2,0.13,-5.625,1,0.0361,174.428,4,0.486,21
922,268333,0.602,0.608,0.419,7.58E-06,11,0.108,-10.016,1,0.0331,100.22,4,0.602,71
923,257480,0.0718,0.418,0.383,0.0177,4,0.0896,-11.782,1,0.0257,87.773,4,0.352,74
924,264200,0.344,0.554,0.58,0.00842,11,0.0989,-8.05,0,0.0322,167.83,4,0.402,62
925,295600,0.245,0.42,0.33,0.000679,9,0.0677,-13.925,1,0.0275,157.143,3,0.175,72
926,413826,0.931,0.323,0.136,0.00119,0,0.176,-10.33,1,0.0318,96.88,3,0.0828,57
927,358426,0.0415,0.389,0.889,0,9,0.463,-6.546,1,0.0442,171.121,4,0.524,32
928,239933,0.0863,0.675,0.553,7.58E-06,7,0.118,-7.775,1,0.0486,90.02,4,0.594,67
929,253413,0.00327,0.562,0.593,0.00139,5,0.0967,-9.362,1,0.0263,80.289,4,0.574,67
930,289533,0.00125,0.315,0.715,7.97E-06,11,0.0942,-8.072,0,0.0362,155.925,3,0.497,77
931,272506,0.211,0.581,0.817,1.42E-06,0,0.246,-6.542,1,0.0382,141.607,4,0.779,78
932,153466,0.183,0.475,0.432,0,7,0.161,-7.844,1,0.0302,94.605,4,0.648,77
933,254480,0.791,0.582,0.33,1.48E-06,6,0.105,-7.928,1,0.0347,111.873,4,0.407,66
934,290706,0.167,0.454,0.229,0.102,2,0.202,-12.592,1,0.0297,73.552,4,0.134,70
935,241560,0.00414,0.469,0.427,3.77E-05,4,0.128,-7.954,0,0.0241,84.053,4,0.0821,64
936,263000,0.24,0.522,0.707,2.04E-05,5,0.156,-7.113,0,0.0354,76.05,4,0.572,39
937,242733,8.14E-05,0.547,0.707,0.000149,0,0.285,-8.74,1,0.0338,119.576,4,0.654,75
938,212893,0.56,0.648,0.278,0.00728,11,0.122,-9.25,0,0.037,118.827,4,0.303,14
939,269466,0.0757,0.571,0.505,1.04E-05,1,0.109,-9.312,0,0.0238,99.562,4,0.276,65
940,235000,0.0341,0.66,0.627,9.64E-05,6,0.385,-10.397,0,0.124,85.44,4,0.789,70
941,265893,0.0218,0.768,0.744,0.712,8,0.063,-11.267,1,0.0338,127.036,4,0.963,19
942,267733,0.0767,0.672,0.841,0,9,0.135,-5.992,0,0.0285,125.437,4,0.82,28
943,238666,0.0067,0.42,0.672,0,6,0.108,-7.902,1,0.027,168.019,4,0.476,72
944,178000,0.0175,0.531,0.909,0,11,0.231,-4.236,1,0.034,97.546,4,0.814,74
945,303133,0.0904,0.678,0.556,0.0334,0,0.0866,-7.423,1,0.0281,85.158,4,0.405,17
946,230293,0.712,0.644,0.363,0,5,0.659,-11.019,0,0.0397,133.396,4,0.303,63
947,250906,0.909,0.643,0.344,0.0112,2,0.106,-11.342,1,0.0349,144.171,4,0.547,70
948,270000,0.0691,0.464,0.701,0.00182,9,0.0766,-5.943,1,0.0341,73.97,4,0.407,66
949,295066,0.469,0.398,0.591,0.000588,5,0.337,-6.925,1,0.0298,142.336,4,0.425,59
950,324066,0.743,0.659,0.407,0,4,0.0784,-9.718,0,0.0353,119.321,3,0.269,56
951,334106,0.468,0.615,0.129,0,6,0.114,-14.892,1,0.0286,91.769,4,0.249,69
952,262560,0.0688,0.421,0.734,0,0,0.974,-8.692,1,0.0511,168.772,4,0.34,54
953,168000,0.0122,0.439,0.891,0,0,0.547,-4.764,1,0.057,148.599,4,0.695,80
954,318040,0.000336,0.356,0.717,0.00012,6,0.0727,-8.489,1,0.0367,105.78,4,0.193,16
955,212066,0.00483,0.395,0.843,0,8,0.0404,-4.476,1,0.0374,112.423,4,0.481,69
956,316466,0.122,0.541,0.677,0.0191,4,0.0938,-10.764,1,0.0373,101.1,4,0.555,68
957,183200,0.0223,0.673,0.772,1.23E-06,1,0.141,-5.246,0,0.0427,90.356,4,0.585,24
958,279506,0.311,0.77,0.505,7.40E-05,1,0.0777,-7.345,1,0.0828,171.798,4,0.757,74
959,304600,0.303,0.868,0.646,0,1,0.284,-4.674,0,0.288,88.641,4,0.67,81
960,298760,0.165,0.383,0.662,0,2,0.248,-5.162,1,0.0333,121.154,4,0.138,78
961,224693,0.2,0.537,0.84,2.15E-06,9,0.0998,-4.626,1,0.0363,124.269,4,0.211,73
962,261120,0.714,0.509,0.242,0.000365,3,0.127,-13.353,1,0.0291,169.642,4,0.448,63
963,318773,0.315,0.391,0.514,5.87E-06,11,0.0567,-6.398,1,0.0447,177.872,4,0.437,54
964,173493,0.238,0.67,0.558,0,2,0.106,-9.159,1,0.0251,80.511,4,0.63,70
965,231666,0.0177,0.508,0.597,0.000856,4,0.091,-8.063,1,0.0396,81.982,4,0.185,68
966,193893,0.0646,0.64,0.602,0,9,0.375,-7.902,1,0.0299,111.87,4,0.951,75
967,241013,0.35,0.593,0.611,0.533,3,0.605,-6.773,1,0.0504,93.171,4,0.473,59
968,264066,0.0626,0.36,0.505,9.22E-05,7,0.172,-9.129,1,0.026,74.807,4,0.317,16
969,341160,0.00636,0.325,0.83,9.86E-06,2,0.255,-7.615,1,0.0415,74.992,4,0.56,15
970,195973,0.519,0.403,0.498,0,9,0.267,-6.888,1,0.0332,128.192,4,0.351,49
971,233933,0.00664,0.545,0.865,1.12E-05,11,0.168,-5.708,0,0.0286,99.01,4,0.543,79
972,218706,0.0399,0.631,0.756,4.37E-05,8,0.0924,-6.378,1,0.0376,137.039,4,0.671,66
973,262626,0.0127,0.422,0.577,0.000861,0,0.0848,-9.292,1,0.0263,122.506,4,0.615,58
974,157733,0.91,0.743,0.0262,0.0241,4,0.0878,-27.691,1,0.0363,100.053,4,0.333,10
975,340666,0.944,0.298,0.0735,0.000401,5,0.0976,-16.472,1,0.0378,131.045,4,0.174,62
976,266320,0.119,0.68,0.723,7.69E-06,6,0.359,-5.598,0,0.0439,129.012,4,0.676,52
977,223373,0.26,0.408,0.79,0.00027,11,0.765,-8.138,0,0.103,122.624,4,0.347,61
978,218800,0.89,0.77,0.115,5.85E-06,7,0.105,-19.668,1,0.0632,138.966,4,0.353,51
979,274493,0.604,0.616,0.346,0.00232,10,0.0914,-10.438,1,0.0304,143.351,4,0.344,55
980,261973,0.0639,0.308,0.781,1.16E-05,0,0.978,-7.052,1,0.0746,166.931,4,0.283,62
981,299440,0.0154,0.619,0.584,2.47E-05,8,0.0873,-10.742,1,0.0255,107.28,4,0.577,56
982,348560,0.63,0.393,0.416,0.00791,9,0.986,-13.243,1,0.0401,163.604,3,0.512,49
983,234133,0.0867,0.592,0.865,3.53E-06,7,0.103,-3.183,1,0.0282,124.278,4,0.659,52
984,247066,0.122,0.506,0.563,0,7,0.302,-6.881,1,0.0284,137.177,4,0.246,54
985,379360,0.391,0.477,0.456,0,4,0.141,-7.726,1,0.0349,144.71,3,0.337,46
986,287266,0.365,0.467,0.622,0.00527,6,0.0982,-7.255,1,0.031,164.418,4,0.455,66
987,298533,0.422,0.622,0.736,1.18E-05,9,0.0829,-9.229,1,0.0292,110.24,4,0.723,57
988,243866,0.896,0.575,0.202,0.00528,9,0.139,-11.926,0,0.0317,149.509,4,0.284,42
989,202346,0.395,0.275,0.714,0,7,0.115,-5.124,1,0.0328,94.082,3,0.242,65
990,268360,0.00832,0.64,0.864,0,7,0.123,-6.576,1,0.0315,102.026,4,0.7,76
991,272506,0.211,0.581,0.817,1.42E-06,0,0.246,-6.542,1,0.0382,141.607,4,0.779,78
992,256733,0.00162,0.543,0.912,2.10E-06,7,0.0565,-10.71,1,0.0601,103.731,4,0.836,74
993,273533,0.0237,0.486,0.867,1.66E-06,7,0.155,-5.483,1,0.0295,92.757,4,0.281,75
994,239226,9.24E-05,0.547,0.693,5.46E-05,0,0.113,-8.786,1,0.0353,119.567,4,0.583,68
995,238666,0.0067,0.42,0.672,0,6,0.108,-7.902,1,0.027,168.019,4,0.476,72
996,312587,0.00106,0.701,0.564,0.00277,2,0.0657,-9.039,1,0.0294,107.533,4,0.723,72
997,236066,0.00117,0.464,0.785,1.46E-06,6,0.328,-7.42,0,0.0436,153.005,4,0.528,63
998,219466,0.151,0.851,0.551,0,4,0.0827,-5.177,1,0.0396,131.922,4,0.807,77
999,185093,0.000372,0.615,0.657,0.0204,7,0.132,-6.873,1,0.029,109.95,4,0.792,63
1000,263280,0.00131,0.417,0.946,0,10,0.154,-4.056,0,0.0507,95.245,4,0.517,57